User-ID,Age
17,
99,42.0
114,57.0
165,62.0
243,
244,
254,24.0
383,
388,35.0
408,17.0
424,29.0
446,
476,
486,31.0
487,
503,40.0
505,51.0
507,
595,17.0
619,
626,41.0
638,20.0
643,23.0
651,26.0
709,14.0
728,
735,29.0
741,16.0
746,36.0
776,23.0
805,34.0
819,
834,17.0
843,25.0
853,24.0
876,33.0
882,23.0
901,21.0
929,36.0
1025,33.0
1075,49.0
1116,29.0
1129,53.0
1131,22.0
1133,46.0
1155,22.0
1167,25.0
1184,38.0
1211,22.0
1248,
1249,
1261,46.0
1343,33.0
1368,22.0
1409,74.0
1412,47.0
1424,
1435,36.0
1436,
1485,30.0
1548,28.0
1585,29.0
1596,51.0
1608,27.0
1652,
1660,
1674,26.0
1733,30.0
1790,25.0
1812,24.0
1838,
1848,22.0
1903,36.0
1928,17.0
2010,
2012,34.0
2030,31.0
2033,27.0
2041,
2090,28.0
2110,
2132,
2136,45.0
2139,33.0
2179,30.0
2197,26.0
2276,46.0
2287,35.0
2288,30.0
2313,23.0
2326,23.0
2337,34.0
2358,23.0
2375,20.0
2399,32.0
2437,45.0
2439,26.0
2559,
2589,
2630,66.0
2719,37.0
2738,32.0
2766,42.0
2790,50.0
2793,34.0
2799,
2855,35.0
2891,
2907,
2977,25.0
3017,
3079,
3100,42.0
3106,
3145,34.0
3154,
3167,42.0
3192,
3282,52.0
3329,
3331,60.0
3344,61.0
3346,20.0
3350,23.0
3363,29.0
3371,25.0
3373,30.0
3374,47.0
3416,34.0
3418,14.0
3427,50.0
3481,49.0
3542,
3556,68.0
3578,25.0
3594,48.0
3640,
3643,
3675,24.0
3693,23.0
3719,18.0
3757,
3761,
3775,57.0
3814,
3817,29.0
3827,23.0
3840,46.0
3915,
3917,25.0
3923,
3977,63.0
4017,48.0
4066,31.0
4091,77.0
4092,27.0
4098,30.0
4114,
4131,51.0
4138,20.0
4144,31.0
4149,
4157,39.0
4179,18.0
4197,61.0
4221,
4223,28.0
4228,41.0
4285,50.0
4334,38.0
4365,19.0
4370,46.0
4385,33.0
4483,
4541,32.0
4570,40.0
4571,23.0
4600,32.0
4622,18.0
4781,47.0
4785,30.0
4795,18.0
4802,28.0
4809,
4845,
4864,30.0
4896,18.0
4938,30.0
5037,26.0
5048,
5207,34.0
5209,48.0
5268,
5286,18.0
5287,22.0
5331,26.0
5333,49.0
5350,20.0
5375,47.0
5385,30.0
5416,
5429,51.0
5439,66.0
5448,14.0
5452,26.0
5476,
5483,20.0
5499,60.0
5506,19.0
5539,32.0
5543,29.0
5555,
5582,26.0
5585,39.0
5600,
5609,25.0
5638,
5665,40.0
5669,
5674,15.0
5694,43.0
5709,15.0
5728,22.0
5737,44.0
5741,20.0
5746,
5783,32.0
5815,
5834,26.0
5850,
5899,25.0
5903,25.0
5920,35.0
5963,38.0
5975,
6007,
6051,33.0
6073,28.0
6092,
6102,28.0
6115,
6120,36.0
6238,
6242,
6251,32.0
6280,46.0
6318,24.0
6323,35.0
6330,37.0
6333,45.0
6345,29.0
6366,20.0
6368,26.0
6398,20.0
6401,
6431,30.0
6432,21.0
6492,35.0
6497,
6501,25.0
6505,56.0
6532,
6537,28.0
6543,34.0
6563,31.0
6564,37.0
6566,
6575,
6577,62.0
6604,48.0
6611,22.0
6662,31.0
6671,54.0
6679,
6700,21.0
6769,56.0
6772,
6781,22.0
6789,
6840,17.0
6865,40.0
6866,51.0
6871,28.0
6884,25.0
6894,20.0
6900,25.0
6906,63.0
6958,
7033,29.0
7053,29.0
7056,31.0
7082,
7105,
7125,28.0
7128,8.0
7134,23.0
7158,30.0
7210,
7283,30.0
7286,28.0
7312,23.0
7318,34.0
7338,33.0
7341,
7346,49.0
7348,24.0
7352,53.0
7355,31.0
7371,26.0
7384,28.0
7482,49.0
7509,
7528,
7569,22.0
7620,21.0
7630,49.0
7637,28.0
7651,21.0
7809,
7841,
7860,
7864,17.0
7887,23.0
7890,
7898,20.0
7913,43.0
7915,
7958,27.0
7962,54.0
7970,
7980,34.0
7982,
8018,
8019,
8065,
8066,
8067,26.0
8089,
8094,13.0
8095,22.0
8109,
8141,
8167,39.0
8187,
8188,
8189,24.0
8234,44.0
8245,31.0
8250,34.0
8253,26.0
8255,47.0
8284,28.0
8313,36.0
8314,36.0
8323,48.0
8362,28.0
8454,
8487,30.0
8529,
8570,23.0
8584,
8660,25.0
8672,17.0
8680,
8681,34.0
8687,28.0
8695,
8734,
8737,
8782,
8801,24.0
8839,
8864,26.0
8870,45.0
8872,65.0
8890,47.0
8930,78.0
8935,35.0
8936,18.0
8937,37.0
8955,42.0
8961,28.0
8971,27.0
9094,14.0
9138,
9139,17.0
9141,65.0
9174,37.0
9177,26.0
9183,31.0
9226,27.0
9227,24.0
9289,
9295,13.0
9302,36.0
9313,
9343,
9354,30.0
9357,
9373,40.0
9381,
9408,34.0
9414,37.0
9417,26.0
9454,
9504,
9525,15.0
9568,44.0
9571,27.0
9574,33.0
9613,34.0
9660,35.0
9717,16.0
9718,35.0
9747,
9806,25.0
9846,45.0
9856,22.0
9893,50.0
9908,36.0
9974,
10001,47.0
10030,66.0
10067,61.0
10118,44.0
10199,17.0
10241,27.0
10314,
10315,18.0
10338,15.0
10354,15.0
10433,48.0
10447,
10532,29.0
10560,27.0
10590,22.0
10607,60.0
10619,33.0
10660,37.0
10668,
10697,20.0
10699,
10716,54.0
10813,45.0
10819,27.0
10829,38.0
10924,20.0
10946,
10949,
10959,
10965,22.0
10985,38.0
11070,
11104,
11120,58.0
11124,30.0
11179,
11201,30.0
11224,51.0
11231,37.0
11245,
11325,23.0
11362,
11400,49.0
11435,61.0
11451,
11456,
11517,57.0
11521,24.0
11529,
11532,
11601,
11621,40.0
11629,21.0
11638,
11643,34.0
11657,25.0
11676,
11687,47.0
11690,30.0
11708,
11709,29.0
11718,
11724,42.0
11776,31.0
11788,30.0
11832,
11855,
11916,
11924,19.0
11944,21.0
11993,37.0
12091,44.0
12100,26.0
12111,40.0
12112,40.0
12123,
12137,
12143,51.0
12154,41.0
12194,
12202,19.0
12238,31.0
12272,18.0
12316,
12331,31.0
12348,23.0
12362,54.0
12390,27.0
12488,
12512,34.0
12515,
12537,
12538,18.0
12569,22.0
12619,56.0
12685,
12692,
12698,32.0
12702,31.0
12707,37.0
12734,57.0
12756,
12784,57.0
12811,
12824,18.0
12835,38.0
12863,29.0
12917,24.0
12945,30.0
12951,35.0
12982,41.0
12990,58.0
13026,31.0
13057,47.0
13080,22.0
13082,
13093,29.0
13094,24.0
13104,25.0
13126,21.0
13164,33.0
13173,55.0
13221,45.0
13273,
13279,
13331,58.0
13354,
13393,
13518,27.0
13540,15.0
13551,
13552,32.0
13582,29.0
13600,
13604,51.0
13607,31.0
13664,
13666,54.0
13715,
13733,
13754,48.0
13850,28.0
13896,
13915,
13935,36.0
13968,
13973,18.0
13995,
14007,56.0
14049,
14079,41.0
14173,
14180,
14230,30.0
14232,23.0
14249,22.0
14254,43.0
14271,
14281,
14326,
14336,28.0
14374,57.0
14387,
14393,
14422,
14423,28.0
14433,57.0
14449,72.0
14451,26.0
14456,27.0
14461,31.0
14521,
14527,24.0
14538,14.0
14573,19.0
14638,33.0
14667,
14683,30.0
14698,
14744,27.0
14768,24.0
14808,41.0
14888,53.0
14897,24.0
14965,
14966,
15021,37.0
15040,29.0
15046,25.0
15049,28.0
15062,
15076,23.0
15081,25.0
15093,21.0
15135,33.0
15144,
15208,
15213,23.0
15268,35.0
15276,
15288,32.0
15361,39.0
15367,
15408,34.0
15418,23.0
15497,38.0
15563,33.0
15589,
15602,21.0
15651,23.0
15670,
15686,
15700,46.0
15819,
15822,61.0
15834,15.0
15845,
15918,23.0
15936,59.0
15945,36.0
15957,27.0
16005,30.0
16009,25.0
16010,
16034,
16036,
16046,
16090,
16106,44.0
16110,35.0
16121,37.0
16130,34.0
16133,
16141,
16155,47.0
16161,28.0
16220,30.0
16231,32.0
16237,48.0
16244,
16246,32.0
16263,
16383,24.0
16412,37.0
16413,
16417,
16418,37.0
16452,
16488,36.0
16504,28.0
16510,28.0
16532,44.0
16545,
16551,
16585,26.0
16599,33.0
16601,40.0
16634,42.0
16666,
16699,26.0
16713,
16717,34.0
16718,29.0
16721,
16730,71.0
16749,64.0
16755,58.0
16759,34.0
16777,30.0
16781,
16795,47.0
16798,
16803,
16805,47.0
16818,
16827,
16835,28.0
16867,25.0
16871,26.0
16876,
16877,37.0
16908,55.0
16916,53.0
16935,
16943,
16949,49.0
16966,41.0
16982,
16996,23.0
16999,48.0
17003,
17046,35.0
17058,35.0
17065,42.0
17159,44.0
17172,28.0
17177,67.0
17183,23.0
17190,31.0
17224,
17233,54.0
17277,45.0
17282,38.0
17340,
17353,
17391,
17402,
17453,
17460,
17507,37.0
17589,46.0
17596,31.0
17605,
17625,
17645,
17667,33.0
17703,28.0
17724,
17726,33.0
17761,
17763,14.0
17842,21.0
17859,43.0
17894,47.0
17906,61.0
17926,
17950,32.0
17970,40.0
17975,
18002,23.0
18012,
18067,33.0
18082,38.0
18095,30.0
18096,
18155,26.0
18167,34.0
18172,36.0
18176,
18203,
18250,31.0
18254,34.0
18309,34.0
18311,
18316,
18322,
18323,41.0
18366,33.0
18384,37.0
18395,44.0
18401,
18412,44.0
18439,38.0
18519,
18689,
18702,24.0
18713,
18714,31.0
18758,35.0
18850,28.0
18908,29.0
18913,33.0
18963,
18979,36.0
18995,
19011,
19018,25.0
19019,38.0
19022,
19031,58.0
19085,60.0
19107,45.0
19145,
19206,38.0
19233,
19328,48.0
19336,
19362,34.0
19371,52.0
19422,37.0
19429,
19487,56.0
19493,
19503,61.0
19522,54.0
19570,63.0
19571,
19573,69.0
19605,
19659,
19664,19.0
19681,44.0
19711,
19725,
19753,14.0
19760,23.0
19803,
19842,
19886,41.0
19935,58.0
19969,44.0
19972,39.0
19974,30.0
20005,22.0
20032,
20034,33.0
20060,48.0
20106,31.0
20115,32.0
20119,51.0
20120,51.0
20126,44.0
20147,
20149,53.0
20150,
20155,59.0
20172,27.0
20180,36.0
20201,31.0
20230,80.0
20245,
20250,36.0
20265,29.0
20332,39.0
20336,32.0
20345,22.0
20347,45.0
20388,40.0
20401,25.0
20409,51.0
20410,
20418,21.0
20446,38.0
20448,
20462,
20484,
20501,30.0
20561,40.0
20605,
20622,
20627,
20629,
20668,
20680,41.0
20703,
20751,49.0
20755,
20768,
20794,31.0
20801,29.0
20804,56.0
20806,
20845,
20866,
20918,30.0
20946,
20961,47.0
20971,20.0
20995,58.0
21011,44.0
21014,
21031,36.0
21045,
21049,55.0
21075,54.0
21112,53.0
21116,
21188,
21202,67.0
21207,42.0
21229,
21231,
21252,28.0
21257,
21261,52.0
21264,31.0
21333,66.0
21343,40.0
21356,56.0
21364,32.0
21368,30.0
21370,36.0
21404,
21462,
21484,21.0
21515,74.0
21540,
21570,55.0
21575,14.0
21576,31.0
21593,31.0
21618,24.0
21659,31.0
21660,52.0
21684,37.0
21708,44.0
21750,37.0
21751,42.0
21774,21.0
21860,
21870,
21875,43.0
21900,29.0
21903,
21912,
21930,28.0
21937,40.0
21948,
22022,35.0
22023,35.0
22038,
22045,
22062,52.0
22074,
22088,45.0
22089,25.0
22107,45.0
22126,31.0
22145,30.0
22154,36.0
22167,32.0
22200,36.0
22243,25.0
22252,38.0
22338,33.0
22362,31.0
22365,51.0
22389,31.0
22409,28.0
22418,
22464,
22495,29.0
22503,18.0
22504,33.0
22521,18.0
22532,36.0
22547,
22624,28.0
22625,54.0
22695,23.0
22710,33.0
22773,
22780,
22809,25.0
22813,
22818,28.0
22830,38.0
22881,48.0
22885,30.0
22888,
22900,
22912,37.0
22936,23.0
22964,25.0
22975,30.0
23020,28.0
23038,27.0
23065,26.0
23070,24.0
23124,22.0
23128,40.0
23288,
23297,56.0
23408,
23459,
23469,
23493,
23508,
23511,56.0
23547,26.0
23571,41.0
23576,34.0
23582,37.0
23585,
23619,34.0
23624,
23642,
23650,19.0
23652,
23659,41.0
23664,
23666,
23680,
23699,25.0
23703,27.0
23749,
23768,45.0
23771,
23776,29.0
23796,54.0
23816,41.0
23847,36.0
23871,
23872,22.0
23881,
23902,
23933,43.0
23997,35.0
24044,65.0
24052,
24064,48.0
24090,59.0
24105,34.0
24167,
24186,36.0
24188,
24191,
24193,33.0
24194,20.0
24325,26.0
24348,
24379,25.0
24391,55.0
24401,38.0
24427,
24433,37.0
24452,42.0
24515,28.0
24525,28.0
24539,
24544,40.0
24570,36.0
24590,
24601,34.0
24627,36.0
24641,
24642,35.0
24685,62.0
24694,
24697,48.0
24733,32.0
24751,53.0
24767,28.0
24771,42.0
24778,
24835,51.0
24846,56.0
24861,
24878,
24921,29.0
24926,49.0
24933,44.0
24934,
24941,13.0
24945,22.0
24960,44.0
24975,52.0
24982,
24995,56.0
25009,39.0
25103,29.0
25105,62.0
25109,42.0
25122,
25131,
25153,
25178,28.0
25216,33.0
25217,
25225,55.0
25235,
25253,47.0
25261,67.0
25281,34.0
25311,
25359,38.0
25373,
25389,58.0
25395,65.0
25403,
25409,31.0
25410,
25436,30.0
25466,33.0
25533,38.0
25545,33.0
25561,60.0
25583,
25601,41.0
25604,
25630,46.0
25674,
25695,32.0
25700,
25711,
25792,29.0
25804,
25827,33.0
25850,50.0
25890,
25916,24.0
25919,
25930,
25966,
25976,
25981,
25996,36.0
26057,18.0
26070,14.0
26084,21.0
26120,31.0
26124,32.0
26134,39.0
26145,24.0
26153,42.0
26182,30.0
26190,37.0
26196,17.0
26231,36.0
26240,
26284,
26346,60.0
26350,51.0
26371,65.0
26374,40.0
26385,30.0
26412,
26418,29.0
26435,67.0
26443,27.0
26473,37.0
26487,44.0
26509,
26516,67.0
26517,
26518,
26521,
26535,41.0
26536,
26538,32.0
26544,37.0
26553,
26561,17.0
26579,
26583,
26586,60.0
26593,
26598,
26611,
26612,55.0
26615,31.0
26616,20.0
26620,
26621,
26624,
26628,35.0
26659,
26664,15.0
26711,
26713,39.0
26730,13.0
26731,37.0
26756,35.0
26774,
26782,54.0
26803,20.0
26813,28.0
26823,32.0
26831,28.0
26883,
26910,42.0
26949,
27091,21.0
27140,49.0
27169,
27172,
27193,29.0
27204,18.0
27222,
27265,32.0
27287,
27313,14.0
27317,25.0
27329,21.0
27352,
27363,30.0
27383,59.0
27462,
27472,41.0
27539,35.0
27551,56.0
27573,44.0
27617,32.0
27647,
27650,27.0
27684,
27704,
27736,21.0
27740,57.0
27788,
27812,33.0
27813,34.0
27821,25.0
27838,
27875,
27888,
27891,27.0
27947,28.0
27956,36.0
27961,
27964,30.0
28004,
28016,31.0
28056,36.0
28076,25.0
28091,
28096,44.0
28139,
28144,
28150,25.0
28156,14.0
28177,26.0
28204,61.0
28222,23.0
28255,23.0
28257,71.0
28269,
28289,
28315,
28360,15.0
28372,
28373,
28395,32.0
28448,
28451,31.0
28454,50.0
28477,22.0
28481,
28492,31.0
28523,24.0
28537,29.0
28539,51.0
28543,28.0
28591,33.0
28592,66.0
28594,18.0
28619,
28634,28.0
28647,
28663,
28666,31.0
28667,26.0
28700,
28709,
28731,29.0
28735,58.0
28782,34.0
28820,
28865,39.0
28877,68.0
28884,38.0
28899,69.0
28919,
28938,38.0
28945,62.0
29028,28.0
29056,
29070,37.0
29094,
29101,38.0
29133,52.0
29168,
29204,
29209,
29246,36.0
29259,39.0
29279,43.0
29306,48.0
29387,
29394,
29408,56.0
29419,
29424,
29443,34.0
29497,
29526,26.0
29539,39.0
29570,24.0
29702,52.0
29743,22.0
29789,
29795,27.0
29806,
29848,37.0
29855,53.0
29867,62.0
29888,65.0
29907,
29915,38.0
29974,
30022,37.0
30029,37.0
30035,37.0
30052,
30072,11.0
30081,25.0
30085,
30104,37.0
30116,49.0
30120,
30125,15.0
30127,
30131,25.0
30144,
30210,27.0
30245,41.0
30261,27.0
30263,
30273,25.0
30276,49.0
30281,52.0
30290,29.0
30312,25.0
30316,
30319,41.0
30321,
30324,33.0
30333,
30341,
30385,31.0
30408,46.0
30411,
30426,
30445,23.0
30461,
30471,
30487,40.0
30493,38.0
30495,19.0
30509,51.0
30511,
30531,23.0
30533,
30555,22.0
30560,
30594,25.0
30607,
30642,18.0
30645,64.0
30650,78.0
30657,
30667,24.0
30677,50.0
30711,32.0
30712,
30716,23.0
30735,
30744,31.0
30746,
30749,
30770,39.0
30771,
30787,
30791,
30795,24.0
30806,24.0
30810,
30824,45.0
30838,56.0
30854,
30887,38.0
30889,
30898,43.0
30899,
30906,31.0
30925,41.0
30939,
30968,65.0
30971,67.0
30972,47.0
30979,41.0
30985,
30989,55.0
30994,
31006,
31008,29.0
31010,60.0
31040,
31049,
31050,
31053,42.0
31080,26.0
31082,
31094,
31099,29.0
31102,57.0
31134,
31136,
31139,36.0
31140,40.0
31144,
31152,50.0
31158,33.0
31172,48.0
31226,33.0
31229,
31235,
31245,34.0
31250,34.0
31256,
31261,
31278,
31308,38.0
31315,34.0
31343,75.0
31355,44.0
31362,
31386,38.0
31391,38.0
31392,
31393,
31398,
31404,
31406,31.0
31412,36.0
31431,
31446,
31466,26.0
31468,33.0
31471,
31541,
31551,
31556,51.0
31584,17.0
31609,44.0
31611,44.0
31614,
31624,
31652,
31681,
31688,
31694,
31695,47.0
31714,64.0
31726,
31740,
31742,
31779,
31816,36.0
31822,
31826,54.0
31838,42.0
31846,
31858,56.0
31860,
31868,
31900,12.0
31919,52.0
31948,49.0
31950,34.0
31987,36.0
32034,50.0
32036,
32039,40.0
32049,33.0
32076,
32087,60.0
32108,
32110,29.0
32122,24.0
32148,
32154,38.0
32159,
32184,24.0
32188,51.0
32195,
32211,
32223,
32244,30.0
32250,29.0
32275,73.0
32289,
32329,30.0
32402,
32412,44.0
32440,
32444,22.0
32467,17.0
32483,18.0
32516,44.0
32530,36.0
32541,
32569,19.0
32575,23.0
32599,17.0
32627,49.0
32641,23.0
32678,24.0
32694,19.0
32721,36.0
32773,28.0
32793,22.0
32802,
32861,41.0
32870,
32955,53.0
32958,
32963,56.0
32964,37.0
32991,56.0
32992,64.0
33004,33.0
33006,
33030,39.0
33036,31.0
33088,22.0
33114,44.0
33124,
33145,30.0
33153,43.0
33156,
33163,32.0
33178,39.0
33179,
33193,
33200,44.0
33264,33.0
33270,36.0
33281,20.0
33283,26.0
33307,29.0
33319,24.0
33345,49.0
33422,
33432,24.0
33442,
33459,
33461,21.0
33474,
33487,26.0
33491,
33509,39.0
33517,47.0
33570,
33576,29.0
33580,27.0
33614,36.0
33656,53.0
33681,47.0
33773,
33816,33.0
33818,29.0
33822,30.0
33826,
33832,
33836,42.0
33862,
33888,48.0
33933,35.0
33943,25.0
33958,
33967,39.0
33974,24.0
33980,18.0
33981,46.0
33999,51.0
34075,25.0
34087,
34115,37.0
34181,
34215,28.0
34216,18.0
34227,46.0
34230,
34300,35.0
34377,54.0
34397,25.0
34412,
34465,
34476,
34501,46.0
34502,46.0
34523,
34526,
34539,29.0
34581,39.0
34588,
34597,53.0
34600,37.0
34608,
34636,
34657,70.0
34717,39.0
34736,42.0
34752,26.0
34764,40.0
34798,26.0
34801,47.0
34823,21.0
34837,50.0
34840,
34864,39.0
34932,
34987,37.0
34988,
35030,26.0
35042,
35050,33.0
35072,38.0
35081,16.0
35090,66.0
35124,33.0
35144,69.0
35148,24.0
35179,33.0
35182,56.0
35185,56.0
35188,
35233,
35240,61.0
35257,
35270,36.0
35320,24.0
35407,48.0
35424,22.0
35433,40.0
35445,31.0
35467,51.0
35490,31.0
35532,37.0
35599,31.0
35631,
35704,53.0
35707,
35718,32.0
35789,
35793,76.0
35809,
35826,
35836,34.0
35841,27.0
35842,
35845,
35857,36.0
35859,
35865,57.0
35909,
35910,16.0
35918,
35921,8.0
35922,
35925,22.0
35926,36.0
35931,39.0
35953,37.0
35966,
35979,35.0
35996,48.0
35998,25.0
36003,26.0
36043,30.0
36103,
36121,24.0
36135,
36141,
36157,
36200,54.0
36229,
36256,39.0
36269,21.0
36288,27.0
36299,50.0
36304,56.0
36307,
36326,33.0
36327,
36357,
36441,20.0
36502,
36554,48.0
36562,23.0
36568,
36606,39.0
36609,32.0
36621,
36635,30.0
36638,46.0
36673,48.0
36677,28.0
36693,50.0
36704,30.0
36709,24.0
36715,
36724,
36741,24.0
36749,
36801,24.0
36807,27.0
36811,51.0
36817,29.0
36836,56.0
36839,33.0
36907,39.0
36935,62.0
36938,43.0
36952,56.0
36964,40.0
36965,32.0
36973,
36978,
36992,
37019,
37022,
37030,42.0
37083,29.0
37147,
37168,46.0
37197,
37208,30.0
37227,27.0
37235,22.0
37239,
37244,
37288,36.0
37293,41.0
37300,38.0
37310,33.0
37311,
37332,18.0
37400,27.0
37426,55.0
37447,
37454,24.0
37493,
37511,25.0
37512,27.0
37527,30.0
37538,
37556,
37560,26.0
37567,36.0
37571,28.0
37573,33.0
37584,44.0
37597,25.0
37605,30.0
37623,32.0
37644,18.0
37654,49.0
37689,13.0
37691,26.0
37693,31.0
37712,23.0
37745,36.0
37790,
37794,51.0
37798,51.0
37817,59.0
37822,58.0
37841,
37874,43.0
37891,27.0
37905,37.0
37950,
37968,50.0
37974,
37975,
37979,50.0
37989,57.0
38023,30.0
38034,26.0
38074,19.0
38081,
38091,28.0
38176,
38213,38.0
38217,
38229,23.0
38250,
38273,
38281,33.0
38308,
38335,
38345,46.0
38457,
38464,
38482,30.0
38544,34.0
38549,
38556,
38559,28.0
38590,31.0
38626,
38654,17.0
38660,40.0
38661,21.0
38679,52.0
38703,49.0
38718,
38725,
38762,29.0
38763,23.0
38781,31.0
38802,23.0
38818,28.0
38887,
38899,
38904,43.0
38933,37.0
38950,26.0
38956,34.0
38991,68.0
38994,32.0
38995,44.0
39077,29.0
39087,57.0
39106,46.0
39134,
39159,
39195,38.0
39219,
39227,37.0
39281,45.0
39284,
39340,
39345,47.0
39353,11.0
39372,68.0
39374,
39379,
39385,
39396,20.0
39400,48.0
39440,40.0
39441,26.0
39453,
39464,
39467,35.0
39502,56.0
39513,
39523,77.0
39572,
39584,32.0
39608,
39616,38.0
39646,35.0
39662,46.0
39700,
39705,25.0
39773,49.0
39928,
39974,26.0
40012,44.0
40052,
40110,
40134,
40190,45.0
40197,55.0
40222,33.0
40278,45.0
40299,
40316,59.0
40330,
40362,
40415,34.0
40417,
40435,24.0
40446,
40450,
40466,34.0
40504,
40505,
40511,40.0
40553,
40559,
40604,27.0
40612,25.0
40617,42.0
40627,29.0
40640,39.0
40643,
40647,40.0
40680,
40698,
40748,29.0
40772,49.0
40795,
40796,
40798,
40838,54.0
40885,26.0
40888,49.0
40889,37.0
40895,50.0
40914,28.0
40922,53.0
40934,
40943,40.0
40958,26.0
41013,
41057,51.0
41058,25.0
41080,
41084,36.0
41086,42.0
41088,39.0
41103,
41105,
41111,25.0
41117,34.0
41123,40.0
41138,38.0
41157,33.0
41177,38.0
41220,32.0
41227,40.0
41245,
41312,40.0
41324,
41359,66.0
41364,34.0
41385,
41392,48.0
41395,
41403,
41425,31.0
41449,
41450,
41455,
41557,
41578,
41580,47.0
41589,51.0
41596,40.0
41634,63.0
41646,
41667,
41676,68.0
41687,
41700,42.0
41701,25.0
41718,43.0
41757,58.0
41760,50.0
41781,54.0
41831,52.0
41837,
41841,
41842,
41854,
41911,19.0
41985,25.0
42024,25.0
42025,29.0
42093,50.0
42099,47.0
42113,40.0
42123,35.0
42145,
42162,18.0
42180,30.0
42206,46.0
42274,26.0
42323,
42331,36.0
42333,
42352,41.0
42362,37.0
42372,21.0
42400,
42408,20.0
42410,
42413,28.0
42419,33.0
42428,37.0
42430,
42439,57.0
42450,
42458,47.0
42459,29.0
42466,38.0
42482,27.0
42522,
42573,78.0
42597,52.0
42601,29.0
42611,26.0
42651,
42662,44.0
42714,
42724,37.0
42730,25.0
42739,
42759,57.0
42780,21.0
42797,41.0
42798,15.0
42803,22.0
42847,71.0
42852,24.0
42883,51.0
42887,30.0
42898,
42902,30.0
42914,26.0
42935,31.0
42939,38.0
42944,48.0
42948,42.0
42952,
42999,
43004,45.0
43006,29.0
43021,
43093,22.0
43157,22.0
43163,21.0
43246,36.0
43282,
43309,42.0
43323,
43337,41.0
43359,33.0
43397,33.0
43404,43.0
43418,
43436,29.0
43481,57.0
43486,37.0
43595,23.0
43619,26.0
43626,41.0
43639,52.0
43642,16.0
43645,33.0
43678,
43687,27.0
43698,47.0
43786,
43806,31.0
43807,32.0
43824,23.0
43842,
43850,34.0
43852,27.0
43873,43.0
43893,
43898,27.0
43901,
43907,54.0
43909,27.0
43910,43.0
43920,29.0
43925,48.0
43962,23.0
44021,
44052,
44089,
44091,
44128,61.0
44252,28.0
44269,57.0
44295,33.0
44296,26.0
44297,22.0
44307,
44368,63.0
44389,
44404,
44450,35.0
44467,29.0
44472,14.0
44535,20.0
44566,
44588,26.0
44590,30.0
44595,39.0
44611,20.0
44647,54.0
44663,
44727,
44728,31.0
44743,29.0
44756,62.0
44837,
44842,
44845,29.0
44852,39.0
44893,
44925,33.0
44932,42.0
44985,36.0
45014,25.0
45042,38.0
45060,
45064,
45068,36.0
45075,
45078,52.0
45107,
45113,34.0
45114,
45119,
45136,25.0
45184,35.0
45193,17.0
45208,31.0
45218,47.0
45230,36.0
45231,
45255,35.0
45287,72.0
45302,
45305,33.0
45315,
45340,
45359,
45383,51.0
45391,23.0
45409,62.0
45412,41.0
45416,48.0
45418,51.0
45444,
45461,62.0
45471,
45507,35.0
45557,33.0
45564,37.0
45584,29.0
45585,
45641,
45701,
45765,52.0
45772,
45778,
45879,
45899,50.0
45904,
45911,
45987,
46003,27.0
46050,39.0
46099,19.0
46133,29.0
46137,46.0
46139,59.0
46145,43.0
46154,34.0
46163,36.0
46165,54.0
46197,26.0
46258,29.0
46269,26.0
46293,38.0
46295,
46297,35.0
46345,53.0
46350,
46351,27.0
46374,29.0
46389,55.0
46398,37.0
46404,20.0
46417,
46443,14.0
46452,
46461,
46472,
46484,
46534,
46541,
46633,23.0
46651,42.0
46671,49.0
46690,27.0
46709,21.0
46862,
46892,35.0
46904,
46907,
46909,31.0
47017,
47030,35.0
47050,55.0
47075,48.0
47117,34.0
47118,42.0
47127,35.0
47128,33.0
47145,
47152,33.0
47250,
47276,34.0
47279,29.0
47293,41.0
47315,49.0
47316,
47320,53.0
47368,37.0
47375,
47396,
47401,
47411,45.0
47458,
47465,23.0
47504,
47512,28.0
47534,45.0
47581,35.0
47594,52.0
47605,27.0
47609,34.0
47613,18.0
47743,41.0
47745,56.0
47758,49.0
47779,
47793,
47807,31.0
47856,32.0
47861,
47866,52.0
47925,
47929,49.0
47971,40.0
47975,37.0
47987,38.0
47996,27.0
48025,43.0
48037,16.0
48046,
48057,
48138,29.0
48143,
48153,31.0
48213,
48215,
48217,40.0
48261,53.0
48268,18.0
48305,
48313,13.0
48355,35.0
48382,
48388,
48407,55.0
48424,49.0
48430,38.0
48440,42.0
48445,35.0
48468,50.0
48484,39.0
48494,51.0
48519,
48525,15.0
48539,23.0
48553,
48579,24.0
48595,23.0
48630,34.0
48662,
48743,
48753,
48779,43.0
48787,36.0
48808,34.0
48911,57.0
48929,
48970,
48975,
48995,44.0
49061,
49109,38.0
49154,41.0
49155,26.0
49166,17.0
49177,
49204,14.0
49212,38.0
49225,
49262,26.0
49277,33.0
49289,
49300,
49313,
49314,
49324,
49373,18.0
49392,28.0
49403,47.0
49404,
49422,
49423,26.0
49460,37.0
49526,47.0
49635,
49646,14.0
49661,18.0
49668,45.0
49679,36.0
49683,23.0
49753,14.0
49766,
49771,35.0
49790,40.0
49792,
49809,
49827,28.0
49842,40.0
49889,
49900,48.0
49907,37.0
49980,27.0
49994,40.0
50007,54.0
50019,43.0
50064,25.0
50073,
50092,48.0
50098,
50110,60.0
50114,
50129,
50130,53.0
50141,58.0
50143,16.0
50165,41.0
50193,27.0
50204,36.0
50205,62.0
50206,36.0
50225,
50330,25.0
50336,39.0
50504,
50526,30.0
50533,36.0
50539,42.0
50545,
50547,32.0
50550,
50560,
50566,27.0
50570,29.0
50612,
50650,35.0
50681,50.0
50711,
50714,14.0
50730,
50748,
50749,
50809,15.0
50823,
50832,
50849,52.0
50858,19.0
50859,26.0
50862,
50895,
50951,20.0
50955,34.0
50972,
51062,14.0
51071,30.0
51082,30.0
51094,
51099,58.0
51100,25.0
51165,35.0
51192,48.0
51197,
51207,35.0
51224,
51252,
51350,
51359,
51364,40.0
51365,48.0
51386,41.0
51403,32.0
51440,
51449,26.0
51450,54.0
51463,
51481,
51511,25.0
51526,34.0
51545,67.0
51559,54.0
51571,49.0
51589,
51627,24.0
51655,73.0
51663,43.0
51665,33.0
51682,
51687,
51742,
51783,36.0
51803,34.0
51805,36.0
51826,
51840,
51856,
51883,31.0
51891,37.0
51924,
51926,
51962,
51974,
51982,39.0
51983,
51986,25.0
51990,53.0
51992,43.0
52002,
52011,37.0
52021,27.0
52025,27.0
52044,46.0
52060,38.0
52141,32.0
52159,49.0
52175,
52199,47.0
52203,32.0
52256,17.0
52293,61.0
52313,
52350,31.0
52420,28.0
52425,
52435,
52438,
52455,27.0
52472,
52521,38.0
52525,34.0
52532,36.0
52584,45.0
52586,26.0
52614,33.0
52635,23.0
52670,
52805,26.0
52807,38.0
52811,33.0
52851,
52853,61.0
52887,
52903,40.0
52917,42.0
52963,33.0
52968,33.0
52993,30.0
52994,
53042,59.0
53046,
53069,
53077,45.0
53140,
53150,
53174,29.0
53189,
53205,
53220,36.0
53229,35.0
53241,
53254,17.0
53256,21.0
53265,46.0
53278,34.0
53281,
53300,15.0
53301,29.0
53304,52.0
53332,41.0
53365,29.0
53376,27.0
53377,
53392,34.0
53408,22.0
53414,49.0
53418,28.0
53420,33.0
53430,25.0
53456,
53458,54.0
53515,
53520,59.0
53537,
53545,
53575,30.0
53577,
53590,40.0
53605,17.0
53614,30.0
53628,22.0
53660,35.0
53663,51.0
53664,
53724,27.0
53729,
53765,75.0
53775,35.0
53790,
53841,26.0
53846,55.0
53934,27.0
53942,31.0
53944,
53978,37.0
54005,59.0
54010,41.0
54035,60.0
54072,
54076,
54130,31.0
54193,27.0
54206,24.0
54208,52.0
54218,27.0
54222,
54236,66.0
54258,46.0
54283,33.0
54290,35.0
54311,
54329,
54335,43.0
54374,24.0
54403,
54412,45.0
54429,32.0
54453,
54492,34.0
54497,48.0
54511,50.0
54512,47.0
54528,55.0
54547,36.0
54564,34.0
54578,
54589,49.0
54605,
54622,
54624,34.0
54649,
54652,30.0
54731,28.0
54740,34.0
54757,
54817,25.0
54884,33.0
54889,
54898,35.0
54911,17.0
54968,
54997,31.0
55006,34.0
55027,44.0
55065,31.0
55075,33.0
55097,
55142,47.0
55178,25.0
55187,48.0
55202,
55203,57.0
55242,30.0
55270,
55272,
55356,
55375,18.0
55395,35.0
55398,
55399,33.0
55407,
55408,
55409,31.0
55421,
55438,42.0
55441,32.0
55448,
55486,
55487,37.0
55490,25.0
55492,43.0
55493,35.0
55518,18.0
55548,
55550,42.0
55559,34.0
55562,
55607,
55622,35.0
55631,
55655,70.0
55665,
55720,34.0
55734,37.0
55751,
55779,43.0
55787,
55789,35.0
55799,
55826,24.0
55850,47.0
55858,28.0
55892,45.0
55927,17.0
55942,55.0
55955,38.0
55961,
55973,
56039,34.0
56045,45.0
56102,
56110,
56157,36.0
56193,34.0
56198,41.0
56201,65.0
56215,37.0
56246,37.0
56271,22.0
56272,19.0
56307,
56315,36.0
56323,
56360,35.0
56369,54.0
56391,40.0
56399,63.0
56447,22.0
56470,30.0
56496,
56542,
56554,39.0
56598,45.0
56623,36.0
56625,26.0
56654,
56661,
56663,22.0
56707,
56723,
56739,39.0
56751,44.0
56804,
56856,23.0
56905,
56917,
56959,52.0
56985,34.0
57006,30.0
57037,48.0
57068,
57072,56.0
57095,18.0
57105,32.0
57108,38.0
57124,38.0
57168,
57200,35.0
57221,
57229,57.0
57234,
57247,
57255,
57261,20.0
57265,49.0
57267,
57269,52.0
57302,32.0
57369,63.0
57398,39.0
57412,25.0
57423,
57449,29.0
57599,27.0
57601,
57612,34.0
57620,
57632,
57661,54.0
57713,52.0
57725,43.0
57726,19.0
57833,58.0
57863,42.0
57920,39.0
57935,19.0
57949,
57959,
57960,26.0
57976,
57986,25.0
57991,31.0
57999,21.0
58062,52.0
58067,26.0
58142,43.0
58151,
58156,58.0
58167,20.0
58194,39.0
58210,23.0
58224,
58236,
58252,17.0
58255,14.0
58319,
58325,32.0
58342,60.0
58351,27.0
58363,81.0
58379,33.0
58382,
58389,57.0
58458,23.0
58497,26.0
58516,30.0
58529,36.0
58594,33.0
58612,54.0
58629,34.0
58641,21.0
58644,46.0
58685,
58708,49.0
58746,34.0
58756,47.0
58768,35.0
58792,
58821,34.0
58855,38.0
58860,41.0
58877,
58898,38.0
58911,58.0
58961,34.0
58964,
59034,40.0
59038,28.0
59059,19.0
59148,
59150,37.0
59172,36.0
59180,55.0
59189,33.0
59197,
59206,
59208,43.0
59209,41.0
59214,
59216,37.0
59220,38.0
59254,45.0
59267,
59269,
59297,34.0
59305,27.0
59390,
59430,48.0
59490,52.0
59499,38.0
59504,39.0
59524,
59554,42.0
59595,
59612,
59616,
59656,53.0
59658,38.0
59676,53.0
59727,24.0
59770,
59808,32.0
59812,48.0
59820,24.0
59885,31.0
59895,
59912,27.0
59933,66.0
59944,17.0
59971,27.0
60011,36.0
60029,42.0
60031,
60040,
60041,29.0
60050,40.0
60064,
60079,49.0
60080,39.0
60081,
60083,53.0
60098,35.0
60114,
60130,41.0
60140,48.0
60146,
60155,46.0
60157,
60168,
60177,51.0
60178,47.0
60211,
60244,47.0
60251,33.0
60253,
60255,33.0
60263,52.0
60277,
60278,
60287,42.0
60307,46.0
60319,
60336,49.0
60337,50.0
60392,43.0
60412,
60424,
60427,37.0
60439,
60445,31.0
60475,
60476,35.0
60488,59.0
60546,
60569,41.0
60583,
60621,57.0
60631,34.0
60683,47.0
60684,
60703,30.0
60707,38.0
60797,24.0
60809,33.0
60816,54.0
60823,49.0
60858,25.0
60905,27.0
60941,
60944,
60970,
60977,
61021,38.0
61028,50.0
61038,53.0
61042,
61107,41.0
61119,21.0
61146,24.0
61147,44.0
61205,51.0
61211,65.0
61216,
61257,25.0
61274,43.0
61283,
61296,24.0
61297,23.0
61307,21.0
61348,28.0
61354,47.0
61427,
61448,
61574,60.0
61612,37.0
61619,
61667,44.0
61668,41.0
61704,58.0
61759,
61775,35.0
61798,
61835,34.0
61845,
61852,52.0
61854,
61878,
61885,
61886,42.0
61888,46.0
61899,
61901,63.0
61910,44.0
61935,70.0
62009,
62069,68.0
62100,49.0
62109,48.0
62133,30.0
62150,26.0
62151,45.0
62172,19.0
62182,32.0
62193,
62239,9.0
62272,30.0
62302,
62303,31.0
62316,29.0
62339,
62348,67.0
62378,
62381,57.0
62426,
62457,
62464,26.0
62471,33.0
62475,54.0
62486,36.0
62511,65.0
62532,30.0
62542,40.0
62546,30.0
62558,
62575,55.0
62582,37.0
62625,23.0
62662,39.0
62667,53.0
62670,26.0
62680,27.0
62688,31.0
62706,28.0
62716,53.0
62747,
62755,50.0
62809,26.0
62833,16.0
62862,47.0
62881,39.0
62891,27.0
62895,39.0
62926,66.0
62929,32.0
62954,
62958,23.0
62966,23.0
62968,23.0
63004,44.0
63024,52.0
63033,
63044,
63105,44.0
63243,33.0
63293,37.0
63323,
63358,54.0
63360,29.0
63367,32.0
63389,25.0
63394,22.0
63404,51.0
63452,20.0
63489,43.0
63494,23.0
63506,
63507,
63545,28.0
63575,
63595,41.0
63625,15.0
63643,24.0
63644,
63665,24.0
63714,29.0
63765,46.0
63829,20.0
63854,45.0
63865,39.0
63923,21.0
63924,35.0
63938,
63956,28.0
63976,38.0
63993,43.0
63997,36.0
63998,28.0
64010,
64012,
64015,28.0
64063,34.0
64075,46.0
64111,23.0
64120,
64126,31.0
64137,41.0
64155,43.0
64186,19.0
64215,
64220,
64241,43.0
64249,40.0
64261,
64270,
64271,34.0
64310,46.0
64316,
64320,
64333,27.0
64346,
64358,
64396,
64429,29.0
64435,51.0
64436,36.0
64440,34.0
64448,23.0
64449,29.0
64472,36.0
64521,52.0
64535,43.0
64629,57.0
64641,45.0
64679,
64683,54.0
64743,65.0
64763,43.0
64846,
64943,33.0
64946,34.0
64948,
64982,
65008,
65032,17.0
65038,28.0
65068,61.0
65098,14.0
65138,
65145,54.0
65183,33.0
65191,
65208,30.0
65228,58.0
65238,31.0
65244,31.0
65258,42.0
65322,
65323,31.0
65334,
65350,38.0
65370,35.0
65382,43.0
65387,36.0
65389,36.0
65401,41.0
65409,44.0
65444,56.0
65484,51.0
65487,49.0
65497,18.0
65549,
65584,26.0
65653,
65663,32.0
65665,40.0
65710,34.0
65769,36.0
65791,29.0
65792,47.0
65817,
65831,
65837,46.0
65844,32.0
65877,
65913,48.0
65946,
66055,32.0
66073,28.0
66100,46.0
66113,33.0
66129,29.0
66161,53.0
66235,
66323,34.0
66327,33.0
66385,
66387,52.0
66443,29.0
66473,21.0
66483,16.0
66485,
66487,
66518,
66533,
66539,43.0
66556,23.0
66574,27.0
66591,35.0
66640,42.0
66680,67.0
66696,
66708,49.0
66725,
66765,39.0
66789,55.0
66790,26.0
66792,39.0
66797,28.0
66841,59.0
66853,39.0
66864,
66878,42.0
66883,
66942,31.0
66945,26.0
66951,
66953,
66960,
66964,20.0
67034,57.0
67079,35.0
67085,
67174,20.0
67176,31.0
67178,
67187,58.0
67198,13.0
67236,38.0
67255,
67270,
67288,26.0
67296,39.0
67298,51.0
67325,50.0
67354,30.0
67358,
67364,
67375,41.0
67397,50.0
67402,
67403,31.0
67415,29.0
67442,32.0
67487,33.0
67515,45.0
67542,60.0
67544,30.0
67547,42.0
67591,
67627,
67663,47.0
67677,50.0
67686,40.0
67693,24.0
67694,44.0
67733,
67749,13.0
67775,
67782,12.0
67785,29.0
67829,26.0
67838,49.0
67840,50.0
67910,35.0
67930,
67997,53.0
68000,10.0
68004,43.0
68014,18.0
68052,37.0
68054,53.0
68059,47.0
68066,52.0
68081,
68128,
68156,34.0
68185,22.0
68203,
68227,
68240,64.0
68249,50.0
68256,28.0
68272,64.0
68309,43.0
68344,31.0
68383,35.0
68412,19.0
68422,27.0
68426,25.0
68436,49.0
68447,19.0
68465,32.0
68478,32.0
68491,
68498,
68537,70.0
68538,
68555,
68561,59.0
68568,46.0
68581,52.0
68598,28.0
68615,50.0
68683,
68690,51.0
68700,16.0
68721,30.0
68729,58.0
68760,
68767,
68768,
68811,
68836,56.0
68846,29.0
68854,69.0
68886,37.0
68943,
68984,26.0
69012,
69023,25.0
69042,55.0
69063,29.0
69078,42.0
69089,28.0
69156,31.0
69180,50.0
69183,47.0
69188,
69211,
69232,55.0
69252,
69268,
69310,
69341,36.0
69355,
69378,46.0
69389,29.0
69405,36.0
69410,
69460,36.0
69511,
69512,
69554,
69593,44.0
69600,30.0
69627,29.0
69658,39.0
69684,33.0
69697,24.0
69709,
69721,32.0
69749,20.0
69775,41.0
69790,41.0
69808,34.0
69810,36.0
69893,18.0
69919,
69929,71.0
69933,
69945,51.0
69967,41.0
69971,43.0
69982,
69986,
69990,
70014,
70052,30.0
70063,
70065,19.0
70066,17.0
70183,25.0
70186,27.0
70189,
70192,61.0
70198,
70201,61.0
70205,
70222,56.0
70238,26.0
70302,24.0
70318,31.0
70345,
70379,
70401,23.0
70402,36.0
70415,57.0
70435,
70448,17.0
70477,31.0
70493,
70538,35.0
70541,26.0
70543,25.0
70554,46.0
70556,
70564,
70571,56.0
70574,49.0
70585,46.0
70594,53.0
70628,35.0
70649,31.0
70666,18.0
70688,
70703,33.0
70713,49.0
70716,
70772,36.0
70864,45.0
70878,
70882,36.0
70918,34.0
70931,36.0
70947,58.0
70994,32.0
70999,
71075,26.0
71102,23.0
71162,40.0
71181,40.0
71183,32.0
71188,26.0
71193,61.0
71196,
71207,
71223,62.0
71227,
71234,30.0
71261,29.0
71274,
71358,
71470,62.0
71490,23.0
71497,
71514,31.0
71521,35.0
71522,37.0
71554,37.0
71568,28.0
71587,
71591,
71612,25.0
71628,
71634,59.0
71662,22.0
71703,39.0
71712,26.0
71716,36.0
71739,34.0
71752,20.0
71786,29.0
71799,29.0
71800,
71822,47.0
71831,21.0
71850,
71853,23.0
71893,
71897,
71900,
71902,
72005,66.0
72028,
72044,
72084,
72099,41.0
72100,37.0
72183,
72190,
72214,40.0
72233,65.0
72238,
72247,18.0
72282,50.0
72287,34.0
72296,33.0
72352,49.0
72368,15.0
72379,
72418,
72451,51.0
72470,39.0
72482,24.0
72523,
72529,38.0
72530,42.0
72531,48.0
72575,
72601,24.0
72636,
72707,24.0
72742,
72770,32.0
72785,39.0
72863,33.0
72875,
72950,23.0
72975,21.0
72990,31.0
72992,44.0
73003,37.0
73012,
73022,
73044,
73045,18.0
73056,
73059,66.0
73076,26.0
73127,21.0
73133,50.0
73157,20.0
73196,35.0
73224,42.0
73225,
73292,33.0
73298,
73303,40.0
73330,29.0
73331,
73363,22.0
73394,33.0
73398,40.0
73405,
73467,56.0
73469,56.0
73479,16.0
73490,
73504,24.0
73532,34.0
73542,
73548,
73588,38.0
73603,56.0
73622,27.0
73651,
73681,27.0
73691,20.0
73716,30.0
73741,30.0
73795,
73798,33.0
73837,
73840,53.0
73892,
73899,
73923,29.0
73955,
74026,21.0
74038,
74051,39.0
74056,24.0
74093,23.0
74106,64.0
74115,37.0
74172,20.0
74175,23.0
74185,28.0
74187,26.0
74215,26.0
74238,46.0
74274,49.0
74286,23.0
74307,28.0
74328,40.0
74330,31.0
74356,28.0
74358,34.0
74413,
74453,61.0
74466,32.0
74487,
74493,28.0
74571,
74577,
74579,
74630,20.0
74655,32.0
74665,
74670,
74687,54.0
74689,39.0
74691,49.0
74709,21.0
74743,32.0
74758,24.0
74833,35.0
74837,22.0
74849,
74892,18.0
74908,18.0
74911,25.0
74920,56.0
75013,
75028,39.0
75064,
75081,29.0
75089,
75091,29.0
75096,28.0
75115,31.0
75119,58.0
75127,28.0
75149,36.0
75177,
75251,16.0
75286,
75306,
75330,21.0
75405,49.0
75429,22.0
75436,
75485,27.0
75486,35.0
75488,
75491,26.0
75498,29.0
75519,23.0
75522,39.0
75534,53.0
75546,
75551,31.0
75560,34.0
75568,
75585,38.0
75591,33.0
75595,35.0
75691,17.0
75695,36.0
75701,56.0
75716,25.0
75723,
75747,25.0
75748,23.0
75762,27.0
75764,55.0
75771,35.0
75777,28.0
75783,
75787,
75802,33.0
75809,27.0
75819,
75833,66.0
75834,34.0
75842,
75852,
75860,30.0
75875,24.0
75895,
75951,
75980,32.0
76001,30.0
76019,28.0
76052,39.0
76070,22.0
76102,33.0
76105,
76122,46.0
76151,49.0
76168,
76173,71.0
76218,
76223,25.0
76236,
76241,
76253,28.0
76259,
76286,
76300,
76319,45.0
76350,20.0
76351,34.0
76352,58.0
76368,
76417,19.0
76458,
76460,
76482,
76483,37.0
76484,32.0
76499,
76512,48.0
76530,55.0
76532,36.0
76575,44.0
76576,17.0
76626,38.0
76710,57.0
76741,28.0
76803,
76812,
76814,20.0
76815,22.0
76818,49.0
76873,23.0
76888,19.0
76890,
76942,25.0
76976,68.0
77039,35.0
77040,
77045,39.0
77052,25.0
77072,39.0
77082,21.0
77110,40.0
77112,31.0
77181,33.0
77261,
77270,18.0
77273,
77307,19.0
77320,28.0
77332,58.0
77359,
77377,16.0
77383,25.0
77386,
77424,29.0
77480,51.0
77483,
77491,25.0
77499,
77516,35.0
77517,38.0
77526,26.0
77530,38.0
77585,
77676,
77724,43.0
77757,
77758,
77768,30.0
77772,13.0
77790,
77809,29.0
77811,
77816,72.0
77840,27.0
77860,33.0
77868,50.0
77886,38.0
77891,51.0
77940,
77960,58.0
77971,60.0
78007,
78015,32.0
78229,
78236,40.0
78265,34.0
78328,24.0
78371,31.0
78432,
78438,19.0
78440,52.0
78448,
78471,
78496,
78518,
78545,19.0
78553,40.0
78564,23.0
78573,23.0
78589,
78617,
78619,37.0
78673,
78682,43.0
78719,21.0
78722,18.0
78772,36.0
78777,
78778,
78783,49.0
78834,28.0
78841,42.0
78846,58.0
78865,
78901,31.0
78912,
78921,
78941,39.0
78973,29.0
78996,23.0
79009,
79055,47.0
79057,37.0
79089,29.0
79099,40.0
79110,
79153,
79172,34.0
79182,29.0
79186,37.0
79188,51.0
79215,
79266,
79285,
79341,
79366,
79441,43.0
79475,37.0
79506,55.0
79527,25.0
79556,27.0
79680,26.0
79724,
79736,26.0
79740,24.0
79747,57.0
79754,58.0
79815,25.0
79854,29.0
79923,
79939,31.0
79942,26.0
79950,27.0
79957,55.0
79958,56.0
79959,
79961,23.0
79977,35.0
80028,46.0
80036,29.0
80066,44.0
80071,28.0
80075,
80084,
80105,39.0
80119,63.0
80135,29.0
80202,35.0
80203,34.0
80234,
80266,42.0
80323,
80328,44.0
80357,
80371,50.0
80375,
80404,41.0
80453,24.0
80477,39.0
80516,36.0
80538,32.0
80555,20.0
80583,
80642,43.0
80661,
80683,27.0
80684,
80690,
80692,42.0
80704,18.0
80767,
80776,65.0
80810,33.0
80820,
80826,41.0
80837,34.0
80908,30.0
80929,21.0
80945,46.0
80954,
80996,35.0
81015,15.0
81045,
81064,44.0
81082,56.0
81088,18.0
81121,
81128,44.0
81136,41.0
81138,
81207,20.0
81215,
81216,
81227,20.0
81249,
81263,17.0
81274,28.0
81298,20.0
81303,26.0
81318,25.0
81324,
81333,
81352,22.0
81368,28.0
81370,35.0
81434,
81456,31.0
81459,
81460,10.0
81484,21.0
81492,28.0
81531,
81560,
81564,
81573,38.0
81578,32.0
81597,
81609,57.0
81611,45.0
81661,
81672,
81682,36.0
81771,37.0
81781,
81786,57.0
81845,34.0
81848,35.0
81854,22.0
81855,42.0
81865,27.0
81927,17.0
81950,23.0
81977,34.0
82001,
82082,32.0
82086,28.0
82102,20.0
82123,30.0
82156,
82159,
82164,46.0
82171,26.0
82192,
82247,32.0
82317,29.0
82391,41.0
82407,
82431,
82444,
82445,56.0
82491,59.0
82497,47.0
82511,
82578,
82600,58.0
82607,36.0
82608,
82612,
82628,56.0
82647,
82657,62.0
82659,51.0
82673,23.0
82678,32.0
82699,32.0
82720,
82751,28.0
82795,
82797,27.0
82808,24.0
82825,38.0
82831,21.0
82841,
82846,
82859,
82868,
82882,27.0
82893,40.0
82901,30.0
82903,44.0
82917,
82926,
82942,
82955,
82968,32.0
83034,
83069,
83109,
83110,45.0
83135,29.0
83156,59.0
83166,44.0
83178,52.0
83186,
83205,42.0
83208,
83214,
83235,
83239,21.0
83251,26.0
83252,
83287,45.0
83306,69.0
83383,67.0
83390,
83431,35.0
83443,
83467,60.0
83493,31.0
83496,
83507,
83561,41.0
83587,16.0
83637,57.0
83646,34.0
83666,33.0
83671,52.0
83690,
83707,31.0
83742,22.0
83743,30.0
83754,65.0
83775,
83842,
83971,59.0
84018,56.0
84024,37.0
84033,20.0
84109,37.0
84126,40.0
84146,37.0
84174,27.0
84178,44.0
84191,
84198,49.0
84201,39.0
84308,48.0
84427,58.0
84476,16.0
84479,25.0
84523,30.0
84527,38.0
84627,37.0
84671,43.0
84682,43.0
84700,60.0
84715,22.0
84716,44.0
84727,58.0
84729,55.0
84770,
84795,
84820,
84847,30.0
84864,
84866,
84880,
84882,
84884,
84897,
84900,37.0
84902,36.0
84910,20.0
84912,54.0
84940,41.0
85033,30.0
85043,
85093,
85099,34.0
85132,
85161,24.0
85212,
85256,37.0
85273,
85278,30.0
85367,17.0
85379,
85426,23.0
85433,33.0
85442,
85455,
85469,37.0
85486,48.0
85495,43.0
85502,
85510,43.0
85526,36.0
85534,49.0
85554,
85555,
85587,49.0
85616,25.0
85656,41.0
85701,37.0
85708,35.0
85757,40.0
85769,23.0
85787,21.0
85825,
85833,57.0
85851,41.0
85872,36.0
85875,30.0
85905,
85925,
85944,23.0
85950,
85962,20.0
85992,18.0
85993,40.0
86001,31.0
86017,
86033,26.0
86051,
86072,37.0
86073,20.0
86076,42.0
86093,25.0
86107,
86122,16.0
86123,
86134,
86145,45.0
86159,35.0
86170,47.0
86189,
86202,26.0
86219,26.0
86242,24.0
86243,
86247,37.0
86276,16.0
86303,31.0
86365,
86368,
86392,25.0
86408,39.0
86418,
86419,48.0
86462,29.0
86463,
86481,29.0
86488,38.0
86489,26.0
86538,58.0
86548,24.0
86555,44.0
86569,
86641,39.0
86680,38.0
86720,
86728,26.0
86792,37.0
86817,32.0
86819,26.0
86835,
86849,66.0
86906,26.0
86928,32.0
86932,
86959,29.0
86965,35.0
86969,59.0
87007,53.0
87037,
87051,31.0
87093,
87108,43.0
87114,52.0
87141,
87143,53.0
87147,47.0
87155,23.0
87173,
87208,52.0
87257,
87302,58.0
87351,28.0
87397,52.0
87401,40.0
87402,
87403,
87449,
87540,52.0
87549,
87555,31.0
87579,38.0
87610,45.0
87652,38.0
87672,51.0
87688,35.0
87690,36.0
87707,23.0
87712,19.0
87729,24.0
87742,32.0
87746,52.0
87747,23.0
87820,49.0
87825,40.0
87875,30.0
87911,20.0
87929,25.0
87938,15.0
87948,54.0
87949,44.0
87964,56.0
87974,25.0
88006,27.0
88012,
88029,47.0
88066,21.0
88109,58.0
88116,
88122,30.0
88123,53.0
88146,43.0
88170,38.0
88187,36.0
88229,44.0
88243,
88248,
88283,24.0
88288,
88299,20.0
88320,30.0
88330,
88389,77.0
88412,36.0
88416,
88435,19.0
88574,
88605,
88620,27.0
88652,83.0
88677,44.0
88686,
88693,30.0
88729,31.0
88733,
88738,
88767,41.0
88793,25.0
88817,36.0
88854,
88879,45.0
88937,39.0
88946,33.0
88976,43.0
88979,44.0
88993,76.0
89014,
89057,
89059,62.0
89074,
89093,
89098,
89103,
89179,31.0
89192,34.0
89207,26.0
89307,61.0
89346,38.0
89361,25.0
89391,
89470,
89474,
89475,26.0
89507,30.0
89551,29.0
89602,
89634,
89761,54.0
89851,
89852,23.0
89867,28.0
89869,40.0
89870,
89874,33.0
89911,17.0
89913,
89922,32.0
89945,73.0
90049,30.0
90066,46.0
90072,27.0
90075,57.0
90082,
90088,28.0
90090,26.0
90105,35.0
90134,31.0
90137,40.0
90146,
90174,30.0
90176,
90192,30.0
90198,34.0
90232,23.0
90246,31.0
90259,
90286,26.0
90300,34.0
90320,36.0
90322,
90391,41.0
90417,40.0
90423,50.0
90467,
90471,31.0
90517,41.0
90534,35.0
90614,30.0
90616,
90653,29.0
90657,
90687,20.0
90694,36.0
90712,34.0
90726,
90731,29.0
90736,37.0
90743,18.0
90764,29.0
90766,
90776,18.0
90784,
90793,30.0
90830,41.0
90877,34.0
90883,36.0
90915,49.0
90966,45.0
90971,
91001,
91002,37.0
91017,54.0
91023,35.0
91026,40.0
91058,63.0
91097,52.0
91100,33.0
91103,35.0
91113,26.0
91119,41.0
91130,39.0
91165,
91184,31.0
91203,30.0
91246,36.0
91263,24.0
91266,
91281,18.0
91341,54.0
91342,29.0
91405,17.0
91425,22.0
91449,34.0
91491,26.0
91532,
91576,31.0
91627,
91631,
91633,21.0
91634,
91647,49.0
91685,52.0
91692,53.0
91745,32.0
91761,
91792,32.0
91795,40.0
91811,
91832,
91838,
91875,24.0
91925,36.0
91931,40.0
91937,
92048,49.0
92079,
92132,20.0
92152,57.0
92156,
92184,
92215,23.0
92271,51.0
92278,44.0
92283,
92306,
92316,19.0
92346,33.0
92390,
92398,
92405,26.0
92477,34.0
92498,
92524,42.0
92534,
92547,29.0
92637,
92648,41.0
92652,32.0
92658,39.0
92659,26.0
92674,39.0
92693,18.0
92696,46.0
92724,35.0
92749,38.0
92798,
92804,45.0
92807,47.0
92810,60.0
92853,
92861,
92869,
92883,39.0
92979,
92992,
93018,22.0
93034,45.0
93046,47.0
93047,52.0
93059,
93085,34.0
93092,22.0
93105,63.0
93114,43.0
93116,24.0
93130,61.0
93141,
93147,31.0
93179,
93194,
93207,51.0
93241,
93257,
93308,41.0
93312,
93335,36.0
93355,
93358,52.0
93363,30.0
93364,27.0
93373,
93377,
93386,55.0
93397,44.0
93413,23.0
93421,
93426,35.0
93427,69.0
93453,
93482,
93483,32.0
93513,
93518,
93562,60.0
93565,72.0
93591,
93615,
93629,54.0
93630,
93631,26.0
93636,
93639,64.0
93643,
93691,43.0
93698,70.0
93732,56.0
93769,74.0
93770,
93790,
93794,
93800,52.0
93871,
93872,21.0
93985,65.0
94009,62.0
94023,56.0
94087,
94094,
94100,
94101,21.0
94153,51.0
94159,34.0
94192,
94209,25.0
94213,80.0
94214,56.0
94242,28.0
94263,21.0
94264,69.0
94290,22.0
94307,
94311,
94334,43.0
94347,44.0
94362,39.0
94366,
94376,16.0
94378,42.0
94385,55.0
94396,62.0
94455,
94494,24.0
94495,
94513,18.0
94519,
94529,31.0
94630,
94639,18.0
94691,
94730,27.0
94737,
94781,
94787,24.0
94818,29.0
94840,38.0
94843,22.0
94853,27.0
94865,21.0
94880,37.0
94897,29.0
94923,40.0
94931,28.0
94944,
94951,37.0
94952,58.0
94965,26.0
94971,58.0
94978,62.0
94985,39.0
94997,34.0
95005,
95010,
95011,31.0
95025,21.0
95043,38.0
95049,25.0
95104,51.0
95128,67.0
95156,
95173,
95193,69.0
95201,53.0
95207,25.0
95226,30.0
95250,
95261,
95271,
95301,19.0
95316,
95353,59.0
95359,33.0
95360,29.0
95393,33.0
95448,34.0
95452,76.0
95492,
95506,42.0
95509,38.0
95511,
95516,
95525,46.0
95574,37.0
95590,33.0
95593,43.0
95628,
95658,60.0
95741,29.0
95781,26.0
95800,68.0
95903,27.0
95907,
95914,41.0
95915,13.0
95921,
95923,17.0
95932,36.0
95970,30.0
95991,28.0
96019,25.0
96053,
96054,29.0
96055,
96096,
96103,41.0
96113,32.0
96115,
96194,34.0
96208,19.0
96320,51.0
96335,20.0
96354,33.0
96357,31.0
96363,36.0
96422,30.0
96430,40.0
96440,29.0
96444,
96448,
96466,26.0
96474,29.0
96475,26.0
96481,36.0
96493,
96521,23.0
96528,
96529,33.0
96554,36.0
96558,17.0
96589,
96608,
96611,22.0
96634,46.0
96659,37.0
96679,27.0
96744,34.0
96771,43.0
96776,28.0
96869,28.0
96876,47.0
96880,
96900,17.0
96913,25.0
96936,47.0
96954,45.0
96962,
96970,42.0
96989,30.0
97025,13.0
97044,59.0
97160,
97179,40.0
97198,37.0
97208,
97239,30.0
97272,
97290,24.0
97324,29.0
97330,24.0
97381,45.0
97423,27.0
97493,53.0
97515,56.0
97587,45.0
97598,43.0
97636,50.0
97639,
97653,
97694,25.0
97721,46.0
97754,46.0
97833,23.0
97848,40.0
97874,
97906,29.0
97945,34.0
97952,41.0
97968,53.0
97972,
98012,48.0
98026,40.0
98051,
98078,54.0
98104,
98159,56.0
98263,35.0
98287,
98297,24.0
98316,32.0
98320,48.0
98322,40.0
98344,
98356,45.0
98376,14.0
98391,52.0
98422,39.0
98440,17.0
98468,33.0
98484,18.0
98499,
98520,
98525,22.0
98535,
98547,43.0
98574,
98575,58.0
98596,34.0
98628,17.0
98633,17.0
98647,26.0
98655,70.0
98671,
98686,32.0
98722,39.0
98723,29.0
98741,30.0
98757,
98758,25.0
98783,30.0
98787,26.0
98794,
98804,54.0
98860,
98861,33.0
98887,49.0
98904,28.0
98923,
98930,
98943,32.0
98952,30.0
98958,
98988,42.0
99022,
99023,56.0
99025,35.0
99026,38.0
99032,25.0
99067,30.0
99068,
99102,
99136,29.0
99146,35.0
99193,51.0
99196,29.0
99204,
99222,
99227,
99242,
99246,
99252,47.0
99268,42.0
99277,34.0
99281,17.0
99312,28.0
99313,35.0
99314,24.0
99322,
99347,30.0
99390,24.0
99400,28.0
99441,33.0
99523,28.0
99616,20.0
99623,
99630,24.0
99635,
99641,35.0
99648,44.0
99650,
99668,
99720,
99738,36.0
99765,32.0
99792,50.0
99832,
99919,
99946,
99955,14.0
99996,43.0
99997,33.0
100004,
100009,49.0
100010,
100035,
100053,31.0
100066,26.0
100088,26.0
100098,
100115,42.0
100119,27.0
100121,47.0
100223,
100227,36.0
100251,43.0
100261,30.0
100264,37.0
100266,29.0
100361,32.0
100393,
100448,
100454,23.0
100459,38.0
100460,31.0
100471,39.0
100506,
100517,46.0
100546,34.0
100578,46.0
100590,27.0
100594,27.0
100610,
100644,26.0
100648,54.0
100658,
100694,
100756,
100782,30.0
100783,44.0
100815,30.0
100822,54.0
100832,28.0
100846,39.0
100887,53.0
100903,
100906,34.0
100908,
100984,
101035,33.0
101041,17.0
101081,18.0
101091,54.0
101141,57.0
101150,
101172,22.0
101196,36.0
101209,44.0
101214,46.0
101242,24.0
101251,48.0
101299,76.0
101304,68.0
101305,29.0
101336,41.0
101369,43.0
101381,25.0
101422,44.0
101475,41.0
101505,43.0
101513,39.0
101517,
101546,
101550,29.0
101559,
101566,27.0
101606,32.0
101614,
101620,
101696,25.0
101731,
101741,66.0
101744,
101835,43.0
101836,34.0
101851,29.0
101874,
101876,38.0
101882,18.0
101887,31.0
101910,34.0
101971,43.0
101978,23.0
102019,32.0
102029,44.0
102032,30.0
102033,20.0
102034,32.0
102117,19.0
102129,29.0
102130,39.0
102154,
102158,32.0
102164,44.0
102189,27.0
102196,28.0
102220,54.0
102232,28.0
102262,19.0
102275,52.0
102284,71.0
102322,54.0
102335,29.0
102359,
102375,27.0
102399,25.0
102430,37.0
102489,16.0
102505,37.0
102542,
102555,31.0
102564,54.0
102571,
102581,34.0
102642,
102647,14.0
102668,31.0
102676,
102702,34.0
102705,22.0
102719,27.0
102733,38.0
102772,74.0
102798,38.0
102891,12.0
102921,
102939,47.0
102945,
102955,33.0
102958,
102967,54.0
103024,30.0
103028,25.0
103057,49.0
103190,52.0
103251,21.0
103265,92.0
103277,31.0
103281,39.0
103304,44.0
103315,32.0
103336,55.0
103445,50.0
103467,45.0
103477,
103496,
103541,24.0
103577,30.0
103579,
103624,53.0
103630,
103636,
103656,28.0
103668,
103699,25.0
103811,25.0
103867,25.0
103871,45.0
103922,
103930,
103935,48.0
103955,41.0
104051,29.0
104058,
104059,
104098,26.0
104113,24.0
104123,
104125,39.0
104141,
104144,65.0
104160,54.0
104165,44.0
104211,39.0
104240,
104243,60.0
104268,28.0
104278,29.0
104311,
104334,65.0
104337,
104362,45.0
104399,29.0
104413,53.0
104422,39.0
104429,39.0
104437,
104443,18.0
104447,
104468,
104489,26.0
104505,34.0
104517,27.0
104550,22.0
104562,
104569,48.0
104588,16.0
104604,36.0
104624,24.0
104636,
104654,50.0
104657,25.0
104665,30.0
104705,54.0
104759,38.0
104796,38.0
104812,19.0
104862,
104864,22.0
104880,21.0
104883,73.0
104925,44.0
104939,43.0
105012,49.0
105028,22.0
105054,29.0
105058,32.0
105076,53.0
105100,38.0
105101,46.0
105108,35.0
105114,38.0
105115,41.0
105124,
105128,11.0
105137,48.0
105160,
105187,53.0
105214,34.0
105221,15.0
105243,
105262,24.0
105263,19.0
105313,34.0
105317,32.0
105332,57.0
105335,25.0
105360,28.0
105374,25.0
105381,
105382,
105476,22.0
105517,28.0
105536,17.0
105572,
105576,
105596,
105627,23.0
105649,38.0
105672,
105745,
105769,33.0
105869,32.0
105871,
105874,
105904,35.0
105917,
105927,47.0
105937,27.0
105968,41.0
105979,26.0
106007,29.0
106059,34.0
106078,18.0
106086,9.0
106114,
106128,31.0
106131,32.0
106198,34.0
106208,22.0
106225,38.0
106230,
106265,
106273,28.0
106280,
106282,28.0
106294,
106295,
106302,58.0
106331,
106356,8.0
106369,30.0
106388,27.0
106402,28.0
106406,34.0
106407,
106417,
106437,35.0
106534,18.0
106553,
106583,37.0
106595,27.0
106614,33.0
106632,20.0
106682,37.0
106725,36.0
106751,33.0
106768,23.0
106816,57.0
106820,
106821,
106845,
106846,
106848,
106849,39.0
106862,43.0
106874,33.0
106893,32.0
106895,29.0
106936,48.0
106946,
106950,
106954,24.0
106988,52.0
107021,45.0
107026,46.0
107044,24.0
107073,23.0
107081,
107099,27.0
107103,27.0
107109,
107208,
107214,41.0
107234,38.0
107244,50.0
107258,
107265,36.0
107270,38.0
107288,25.0
107301,31.0
107324,
107326,28.0
107376,35.0
107383,
107384,32.0
107394,
107426,39.0
107431,
107453,18.0
107456,
107510,27.0
107514,8.0
107523,
107540,42.0
107581,35.0
107594,27.0
107718,28.0
107726,21.0
107784,
107850,37.0
107852,48.0
107865,
107889,
107921,47.0
107951,
107960,63.0
107972,
108005,29.0
108104,56.0
108123,30.0
108130,25.0
108141,
108143,17.0
108155,29.0
108158,46.0
108182,32.0
108197,25.0
108207,
108213,55.0
108237,56.0
108243,14.0
108261,66.0
108267,
108285,22.0
108336,
108352,37.0
108379,39.0
108392,34.0
108405,49.0
108448,22.0
108478,
108480,
108481,
108485,32.0
108535,
108563,53.0
108622,25.0
108685,31.0
108700,49.0
108741,58.0
108747,
108752,31.0
108753,48.0
108759,49.0
108763,36.0
108773,
108789,27.0
108799,
108800,32.0
108827,
108836,29.0
108860,
108914,
108950,43.0
109013,39.0
109014,34.0
109033,
109040,26.0
109049,34.0
109082,
109084,44.0
109103,
109107,19.0
109115,18.0
109122,42.0
109126,39.0
109135,29.0
109146,
109176,43.0
109180,60.0
109197,32.0
109228,23.0
109276,62.0
109287,19.0
109333,
109349,
109357,
109363,19.0
109367,48.0
109388,23.0
109403,27.0
109416,23.0
109427,37.0
109461,30.0
109491,40.0
109502,
109516,25.0
109519,32.0
109562,
109574,50.0
109605,31.0
109649,43.0
109727,27.0
109741,26.0
109771,
109779,25.0
109783,
109808,42.0
109864,
109899,
109901,59.0
109921,
109955,
109971,71.0
110019,
110029,27.0
110031,
110040,23.0
110069,18.0
110076,52.0
110110,25.0
110112,31.0
110160,30.0
110165,
110208,29.0
110214,45.0
110265,28.0
110266,16.0
110267,39.0
110308,
110309,32.0
110317,22.0
110361,29.0
110373,
110381,21.0
110382,35.0
110406,38.0
110410,
110440,29.0
110483,30.0
110493,
110558,
110564,29.0
110608,22.0
110609,32.0
110661,27.0
110700,
110702,57.0
110746,59.0
110771,
110815,47.0
110817,40.0
110853,34.0
110887,58.0
110890,
110912,36.0
110934,46.0
110971,58.0
110973,43.0
110979,51.0
110990,29.0
110993,54.0
111019,21.0
111032,
111035,
111054,21.0
111133,50.0
111136,
111166,44.0
111174,
111190,53.0
111228,18.0
111238,25.0
111241,
111245,37.0
111261,
111286,45.0
111346,42.0
111362,
111390,
111434,
111438,
111468,47.0
111474,77.0
111536,
111578,
111634,44.0
111637,53.0
111657,35.0
111695,
111704,50.0
111733,
111747,56.0
111749,
111816,
111847,38.0
111888,50.0
111924,61.0
111938,
111944,23.0
111947,30.0
112001,43.0
112026,17.0
112069,38.0
112083,25.0
112088,
112093,35.0
112109,33.0
112148,20.0
112169,18.0
112173,30.0
112188,36.0
112199,72.0
112227,25.0
112240,
112243,
112247,
112280,50.0
112298,
112335,49.0
112401,49.0
112402,36.0
112404,53.0
112408,48.0
112437,26.0
112457,41.0
112502,
112507,49.0
112512,27.0
112541,22.0
112544,
112548,45.0
112559,37.0
112580,31.0
112590,
112598,
112672,47.0
112709,42.0
112761,29.0
112765,35.0
112818,15.0
112845,
112881,18.0
112914,
112931,34.0
112953,31.0
112976,51.0
112977,33.0
112979,60.0
113028,
113030,25.0
113039,
113062,
113121,27.0
113139,36.0
113155,28.0
113203,23.0
113241,
113259,30.0
113266,25.0
113270,25.0
113277,23.0
113279,24.0
113292,38.0
113328,
113334,40.0
113340,37.0
113364,44.0
113383,46.0
113425,47.0
113435,49.0
113467,37.0
113475,36.0
113519,
113528,
113531,63.0
113537,29.0
113560,
113568,
113586,25.0
113602,52.0
113618,
113624,
113633,42.0
113657,
113661,39.0
113663,
113680,47.0
113752,
113755,
113778,46.0
113804,52.0
113817,25.0
113859,24.0
113902,36.0
113904,31.0
113913,49.0
113926,
113944,
113955,16.0
113966,27.0
113983,39.0
113989,63.0
113990,
114007,
114016,31.0
114018,20.0
114075,38.0
114085,
114089,
114143,31.0
114178,30.0
114185,
114197,28.0
114200,41.0
114216,
114217,24.0
114258,30.0
114265,
114279,42.0
114304,31.0
114306,43.0
114365,
114368,33.0
114378,30.0
114413,29.0
114414,27.0
114434,39.0
114444,34.0
114446,26.0
114452,26.0
114466,
114483,33.0
114498,37.0
114544,35.0
114551,
114565,
114581,23.0
114583,
114597,
114601,
114611,25.0
114620,32.0
114629,31.0
114634,
114643,29.0
114655,23.0
114662,
114695,
114698,81.0
114700,28.0
114722,22.0
114742,
114744,
114785,29.0
114799,
114802,
114813,
114865,97.0
114868,31.0
114893,32.0
114988,37.0
115002,
115003,43.0
115045,
115081,
115097,27.0
115120,29.0
115148,24.0
115150,59.0
115161,
115180,
115182,
115208,16.0
115224,25.0
115234,32.0
115266,61.0
115328,52.0
115351,32.0
115392,30.0
115410,29.0
115435,30.0
115473,
115488,22.0
115490,
115503,
115536,32.0
115537,50.0
115538,
115552,30.0
115572,23.0
115665,30.0
115678,34.0
115679,16.0
115682,
115692,33.0
115700,29.0
115717,
115724,
115759,39.0
115783,33.0
115791,
115804,40.0
115833,
115839,
115841,60.0
115874,59.0
115888,40.0
115904,27.0
115907,37.0
115917,34.0
115929,
115934,44.0
115948,49.0
115953,36.0
115956,
115963,
115971,31.0
115973,
115997,32.0
115998,49.0
116005,28.0
116006,34.0
116032,
116041,34.0
116090,
116122,31.0
116123,21.0
116153,27.0
116160,39.0
116183,
116187,57.0
116210,46.0
116220,32.0
116223,24.0
116249,
116288,
116294,27.0
116301,30.0
116310,35.0
116313,35.0
116318,
116391,50.0
116395,
116428,47.0
116433,
116448,
116506,
116521,25.0
116535,
116537,
116549,44.0
116555,43.0
116556,44.0
116582,32.0
116599,29.0
116600,37.0
116630,61.0
116676,47.0
116744,32.0
116746,66.0
116758,38.0
116763,71.0
116787,
116816,
116828,23.0
116856,46.0
116866,
116897,43.0
116904,38.0
116931,24.0
116972,42.0
117092,53.0
117111,30.0
117115,28.0
117130,30.0
117132,66.0
117156,
117162,
117164,49.0
117210,35.0
117251,
117255,29.0
117256,
117291,33.0
117318,
117345,31.0
117384,29.0
117390,
117396,
117418,
117450,
117489,
117495,50.0
117515,
117539,30.0
117548,57.0
117553,
117557,
117577,
117581,41.0
117593,31.0
117594,26.0
117652,
117683,28.0
117700,39.0
117719,26.0
117738,
117740,36.0
117751,41.0
117839,24.0
117852,34.0
117858,
117873,50.0
117877,
117925,40.0
117936,
117963,
118101,
118135,29.0
118228,
118275,24.0
118286,28.0
118314,
118320,29.0
118333,18.0
118344,
118414,
118422,34.0
118434,23.0
118471,
118484,
118489,31.0
118490,
118524,
118528,27.0
118533,37.0
118542,
118543,49.0
118587,59.0
118627,62.0
118628,34.0
118654,
118659,37.0
118677,46.0
118683,50.0
118721,31.0
118800,49.0
118848,33.0
118855,32.0
118871,
118881,31.0
118910,31.0
118955,
118985,51.0
118993,
119027,
119066,25.0
119179,24.0
119227,37.0
119229,
119248,12.0
119281,35.0
119282,
119326,
119342,
119364,16.0
119369,
119387,32.0
119413,
119418,34.0
119421,32.0
119446,
119488,41.0
119505,32.0
119517,
119529,44.0
119541,29.0
119575,30.0
119590,
119594,33.0
119631,46.0
119650,29.0
119654,27.0
119671,
119725,24.0
119748,62.0
119749,5.0
119806,
119838,
119858,53.0
119859,53.0
119932,37.0
119963,
120030,
120080,
120082,47.0
120090,
120093,
120137,
120155,42.0
120178,59.0
120181,36.0
120283,22.0
120332,41.0
120333,35.0
120345,
120385,31.0
120396,46.0
120435,32.0
120515,42.0
120548,39.0
120565,38.0
120578,
120579,18.0
120583,50.0
120584,34.0
120588,27.0
120598,
120610,24.0
120695,39.0
120696,31.0
120735,44.0
120771,49.0
120807,43.0
120828,27.0
120829,
120860,
120873,59.0
120892,20.0
120908,27.0
120928,41.0
120931,
120942,
120985,
121065,
121066,
121083,38.0
121093,32.0
121119,50.0
121130,
121135,
121138,28.0
121160,44.0
121166,55.0
121167,
121170,30.0
121173,47.0
121176,62.0
121178,47.0
121184,
121205,37.0
121251,41.0
121264,
121282,32.0
121313,
121398,26.0
121405,
121407,36.0
121482,60.0
121530,35.0
121545,
121547,
121587,55.0
121592,
121594,63.0
121606,23.0
121620,
121719,25.0
121726,
121779,41.0
121817,38.0
121825,
121829,55.0
121932,48.0
121941,57.0
121986,54.0
122014,39.0
122026,53.0
122037,27.0
122040,18.0
122045,54.0
122048,18.0
122086,18.0
122096,32.0
122152,30.0
122235,
122321,23.0
122386,31.0
122418,37.0
122429,48.0
122440,29.0
122449,31.0
122506,27.0
122542,33.0
122607,42.0
122643,
122658,
122671,32.0
122675,
122716,30.0
122738,15.0
122743,36.0
122782,38.0
122784,
122793,46.0
122801,38.0
122802,
122810,50.0
122854,
122867,56.0
122881,
122883,
122901,30.0
122958,
122988,24.0
123039,
123055,
123056,32.0
123066,
123094,45.0
123095,
123115,
123130,27.0
123143,28.0
123154,19.0
123160,30.0
123203,29.0
123215,27.0
123220,25.0
123228,61.0
123238,57.0
123257,20.0
123261,41.0
123280,
123284,60.0
123298,19.0
123319,47.0
123349,35.0
123410,37.0
123415,55.0
123430,
123460,31.0
123468,42.0
123485,56.0
123500,55.0
123501,27.0
123503,54.0
123510,65.0
123515,
123531,35.0
123543,
123544,
123567,45.0
123597,44.0
123608,17.0
123617,43.0
123625,22.0
123649,27.0
123676,36.0
123687,
123700,63.0
123724,52.0
123732,45.0
123733,
123744,25.0
123784,37.0
123790,25.0
123801,29.0
123825,
123867,
123883,18.0
123936,25.0
123961,
123973,
123981,46.0
123988,32.0
124048,
124065,17.0
124066,
124078,25.0
124079,24.0
124175,42.0
124200,25.0
124204,
124207,27.0
124233,26.0
124259,
124298,25.0
124310,53.0
124322,
124363,36.0
124378,29.0
124474,53.0
124487,
124488,
124489,
124536,28.0
124546,37.0
124574,37.0
124597,38.0
124617,29.0
124645,32.0
124648,55.0
124681,44.0
124688,23.0
124692,
124699,
124717,24.0
124720,36.0
124732,
124747,43.0
124769,
124833,
124852,
124867,19.0
124869,31.0
124874,32.0
124876,23.0
124888,25.0
124915,
124942,
124946,56.0
124983,32.0
124989,46.0
124993,46.0
125027,54.0
125031,
125039,27.0
125051,46.0
125060,
125063,44.0
125131,34.0
125133,
125143,22.0
125171,29.0
125188,30.0
125203,18.0
125216,28.0
125217,18.0
125240,35.0
125256,
125274,35.0
125287,40.0
125303,25.0
125396,14.0
125411,43.0
125440,50.0
125443,
125474,26.0
125514,
125519,40.0
125538,35.0
125554,44.0
125558,45.0
125583,55.0
125685,
125692,28.0
125698,29.0
125701,38.0
125734,25.0
125736,17.0
125774,36.0
125779,
125798,25.0
125808,32.0
125866,47.0
125878,
125892,
125917,33.0
125918,31.0
125928,
126026,44.0
126044,53.0
126053,16.0
126072,28.0
126149,
126167,21.0
126181,57.0
126196,36.0
126232,29.0
126240,51.0
126296,
126298,
126331,
126360,21.0
126374,39.0
126388,26.0
126395,28.0
126404,38.0
126432,26.0
126444,
126473,41.0
126487,
126492,31.0
126511,29.0
126531,23.0
126546,26.0
126585,
126604,27.0
126671,
126677,26.0
126693,33.0
126695,30.0
126697,30.0
126726,34.0
126736,38.0
126783,44.0
126803,47.0
126810,
126812,
126814,32.0
126824,24.0
126827,30.0
126849,
126860,28.0
126883,
126903,
126907,50.0
126911,57.0
126985,
127024,57.0
127035,52.0
127036,
127037,
127049,31.0
127089,
127113,39.0
127122,
127129,
127131,42.0
127137,42.0
127147,
127168,
127171,36.0
127190,57.0
127200,
127203,20.0
127233,29.0
127243,
127245,
127359,33.0
127384,32.0
127389,
127404,
127417,
127429,23.0
127431,32.0
127432,22.0
127438,58.0
127441,45.0
127453,21.0
127481,45.0
127490,40.0
127505,41.0
127519,33.0
127537,
127564,
127581,
127621,41.0
127623,27.0
127648,42.0
127755,38.0
127779,
127782,36.0
127795,
127798,57.0
127813,23.0
127826,
127827,
127854,
127871,
127884,27.0
127893,32.0
127914,43.0
127919,49.0
127942,23.0
127970,
128008,29.0
128014,
128019,
128033,47.0
128040,35.0
128045,41.0
128060,36.0
128085,40.0
128094,35.0
128119,
128122,37.0
128208,34.0
128214,28.0
128233,19.0
128257,26.0
128276,
128286,
128324,35.0
128325,43.0
128331,24.0
128332,
128404,30.0
128406,31.0
128415,37.0
128434,24.0
128464,52.0
128466,13.0
128506,17.0
128543,
128557,
128574,34.0
128579,
128588,26.0
128610,48.0
128622,23.0
128653,20.0
128669,22.0
128672,32.0
128693,
128696,34.0
128710,
128727,45.0
128732,31.0
128766,
128782,30.0
128790,31.0
128821,
128835,60.0
128841,42.0
128915,43.0
128942,31.0
128949,
128962,18.0
128974,36.0
129008,44.0
129073,30.0
129074,51.0
129084,39.0
129113,35.0
129114,40.0
129187,
129238,
129289,
129338,24.0
129339,55.0
129358,36.0
129368,
129373,54.0
129389,
129393,27.0
129399,
129444,30.0
129458,43.0
129461,39.0
129465,33.0
129474,50.0
129489,24.0
129494,14.0
129503,40.0
129505,
129563,
129690,34.0
129716,30.0
129725,
129790,
129851,35.0
129883,23.0
129929,
129988,31.0
130063,35.0
130132,33.0
130136,40.0
130157,47.0
130166,69.0
130168,62.0
130199,20.0
130215,34.0
130258,27.0
130347,
130426,
130438,38.0
130474,33.0
130482,54.0
130485,
130493,45.0
130502,
130543,22.0
130554,
130570,
130571,
130581,18.0
130624,
130636,20.0
130658,90.0
130670,45.0
130677,29.0
130705,29.0
130710,
130722,
130784,
130792,36.0
130793,29.0
130806,20.0
130837,32.0
130847,35.0
130866,44.0
130913,35.0
130939,
130950,32.0
130952,15.0
130961,
130978,14.0
131006,
131021,
131026,33.0
131027,31.0
131032,36.0
131046,26.0
131057,21.0
131094,
131099,39.0
131108,21.0
131126,31.0
131154,18.0
131166,
131182,32.0
131202,22.0
131233,
131238,15.0
131246,
131317,
131338,
131354,
131363,20.0
131402,
131437,21.0
131441,18.0
131450,38.0
131476,29.0
131482,37.0
131510,31.0
131548,
131560,
131564,39.0
131594,47.0
131597,41.0
131617,
131622,51.0
131655,
131657,
131675,36.0
131678,35.0
131686,27.0
131689,31.0
131779,45.0
131837,
131855,31.0
131883,
131913,35.0
131914,52.0
131951,31.0
131967,34.0
131974,
132006,31.0
132007,
132012,
132030,44.0
132031,31.0
132083,47.0
132133,23.0
132142,43.0
132157,34.0
132166,28.0
132171,54.0
132173,
132188,55.0
132199,
132203,
132282,23.0
132290,32.0
132357,52.0
132371,54.0
132373,45.0
132374,73.0
132375,58.0
132382,40.0
132392,38.0
132425,37.0
132446,
132465,
132492,
132513,23.0
132522,20.0
132531,29.0
132544,38.0
132572,45.0
132582,20.0
132616,
132624,
132652,
132663,44.0
132684,
132687,28.0
132716,61.0
132726,52.0
132745,
132786,42.0
132836,57.0
132846,
132851,43.0
132887,
132901,24.0
132909,35.0
132919,45.0
132920,46.0
132930,29.0
132981,35.0
132996,34.0
133037,18.0
133041,
133052,31.0
133166,23.0
133192,
133225,28.0
133235,33.0
133246,43.0
133258,49.0
133272,45.0
133284,41.0
133296,23.0
133414,
133416,25.0
133417,33.0
133418,32.0
133424,34.0
133435,
133557,
133567,57.0
133571,39.0
133654,40.0
133682,
133689,29.0
133706,30.0
133738,28.0
133744,33.0
133747,28.0
133764,32.0
133771,28.0
133786,35.0
133811,
133846,31.0
133860,28.0
133868,36.0
133905,34.0
133935,28.0
133950,
133957,
133958,53.0
134005,34.0
134029,46.0
134118,
134120,
134137,27.0
134171,39.0
134184,
134225,25.0
134240,
134247,26.0
134264,
134278,23.0
134294,44.0
134311,23.0
134347,26.0
134381,25.0
134403,18.0
134419,34.0
134434,25.0
134467,35.0
134483,
134508,55.0
134516,26.0
134529,41.0
134556,28.0
134596,39.0
134630,
134641,48.0
134663,21.0
134684,28.0
134694,42.0
134705,29.0
134732,55.0
134761,26.0
134784,27.0
134797,
134835,
134837,28.0
134841,
134863,
134869,
134884,
134900,39.0
134921,
134948,43.0
134986,
135043,
135045,29.0
135064,18.0
135074,47.0
135141,
135149,
135170,
135186,40.0
135228,
135265,32.0
135277,30.0
135280,18.0
135294,32.0
135317,
135321,46.0
135329,40.0
135330,61.0
135351,23.0
135360,39.0
135367,37.0
135376,
135383,43.0
135395,
135398,40.0
135411,34.0
135443,
135458,24.0
135460,
135469,
135473,24.0
135535,21.0
135567,15.0
135607,
135609,
135624,25.0
135625,32.0
135652,30.0
135653,21.0
135673,26.0
135681,
135703,32.0
135704,66.0
135730,
135736,54.0
135753,55.0
135763,42.0
135766,43.0
135768,46.0
135776,32.0
135778,45.0
135785,32.0
135799,50.0
135831,
135838,49.0
135865,41.0
135869,46.0
135873,
135895,
135902,20.0
135919,
135946,36.0
135959,66.0
135961,38.0
135965,
135974,29.0
135975,
135996,33.0
136010,
136011,37.0
136014,
136055,
136061,35.0
136062,
136071,44.0
136096,47.0
136104,
136117,20.0
136136,32.0
136137,
136139,
136193,40.0
136205,39.0
136234,27.0
136237,34.0
136240,20.0
136252,33.0
136255,
136291,23.0
136304,29.0
136306,39.0
136313,27.0
136326,42.0
136348,51.0
136350,
136357,
136362,35.0
136382,
136396,34.0
136425,33.0
136430,
136465,18.0
136473,
136491,18.0
136509,31.0
136551,36.0
136561,37.0
136568,
136584,62.0
136616,
136667,23.0
136733,47.0
136735,57.0
136747,31.0
136795,17.0
136829,33.0
136909,43.0
136916,
136943,
136965,48.0
137006,
137082,25.0
137118,
137119,49.0
137134,31.0
137136,80.0
137137,
137143,
137190,31.0
137211,
137222,26.0
137282,61.0
137302,
137336,26.0
137384,32.0
137397,32.0
137434,45.0
137437,26.0
137480,25.0
137497,44.0
137513,
137515,58.0
137524,33.0
137527,44.0
137535,53.0
137539,
137584,
137587,28.0
137588,
137589,35.0
137601,40.0
137620,36.0
137627,37.0
137663,
137684,
137688,46.0
137742,24.0
137781,32.0
137803,27.0
137816,
137914,
137968,73.0
137986,
138010,31.0
138018,35.0
138073,31.0
138097,35.0
138100,
138115,
138124,24.0
138132,27.0
138138,39.0
138139,27.0
138158,49.0
138176,35.0
138180,39.0
138189,37.0
138193,
138198,37.0
138202,
138220,14.0
138239,40.0
138259,
138298,50.0
138300,31.0
138301,29.0
138303,
138307,24.0
138330,
138366,32.0
138372,32.0
138379,51.0
138397,35.0
138425,48.0
138437,
138439,43.0
138441,34.0
138515,36.0
138525,
138529,
138543,21.0
138546,28.0
138578,38.0
138586,42.0
138602,36.0
138603,54.0
138641,
138647,
138649,29.0
138674,26.0
138687,
138689,41.0
138761,47.0
138777,
138783,
138813,
138826,61.0
138844,40.0
138849,35.0
138867,35.0
138883,16.0
138892,40.0
138906,37.0
138910,38.0
138954,
138955,52.0
138975,44.0
138995,47.0
139037,53.0
139064,
139070,30.0
139126,27.0
139136,
139141,35.0
139183,
139206,52.0
139209,23.0
139221,47.0
139222,34.0
139243,
139245,13.0
139287,32.0
139321,27.0
139327,24.0
139359,36.0
139376,
139380,
139387,30.0
139396,
139421,
139462,30.0
139467,53.0
139480,26.0
139524,12.0
139548,30.0
139574,29.0
139575,42.0
139579,49.0
139586,33.0
139607,47.0
139630,
139636,
139642,57.0
139668,
139688,47.0
139706,20.0
139742,36.0
139747,
139783,
139826,
139827,
139828,49.0
139835,37.0
139884,38.0
139904,8.0
139907,38.0
139912,
139913,54.0
139916,35.0
139934,
139991,47.0
140000,
140005,35.0
140013,41.0
140036,35.0
140043,34.0
140069,29.0
140080,35.0
140083,
140087,32.0
140161,44.0
140167,26.0
140184,23.0
140196,
140223,27.0
140255,21.0
140264,16.0
140293,24.0
140294,31.0
140340,42.0
140358,
140372,32.0
140382,38.0
140410,26.0
140423,36.0
140424,38.0
140451,38.0
140478,16.0
140555,31.0
140605,29.0
140635,14.0
140662,30.0
140698,
140711,34.0
140763,34.0
140773,58.0
140824,53.0
140842,22.0
140863,32.0
140879,36.0
140894,47.0
140947,46.0
140974,44.0
141008,
141010,35.0
141015,
141016,21.0
141047,47.0
141065,76.0
141070,20.0
141088,
141089,22.0
141109,28.0
141126,
141127,
141157,
141201,29.0
141203,38.0
141210,
141309,27.0
141310,21.0
141322,21.0
141325,
141328,29.0
141330,27.0
141377,25.0
141444,
141450,32.0
141468,
141491,47.0
141493,44.0
141496,44.0
141511,30.0
141518,27.0
141543,
141600,35.0
141601,29.0
141683,22.0
141710,
141719,
141753,34.0
141801,
141805,
141819,34.0
141871,
141876,36.0
141888,19.0
141901,43.0
141902,51.0
141954,
141958,41.0
141991,56.0
141994,30.0
142005,46.0
142017,
142024,61.0
142026,32.0
142062,41.0
142065,59.0
142076,27.0
142083,57.0
142090,33.0
142093,
142098,
142103,36.0
142121,33.0
142134,
142143,32.0
142212,64.0
142253,16.0
142256,52.0
142300,26.0
142331,38.0
142398,39.0
142442,
142444,35.0
142454,33.0
142468,
142479,
142524,36.0
142555,32.0
142556,29.0
142565,61.0
142579,
142584,21.0
142600,59.0
142623,
142626,
142649,27.0
142661,
142671,59.0
142672,30.0
142680,26.0
142715,35.0
142745,38.0
142766,
142772,33.0
142801,17.0
142817,
142823,29.0
142826,26.0
142861,
142904,34.0
142974,25.0
142978,36.0
143009,30.0
143011,32.0
143103,34.0
143134,27.0
143163,26.0
143175,28.0
143211,
143236,46.0
143246,12.0
143253,27.0
143264,
143294,42.0
143302,31.0
143350,
143384,
143388,
143400,
143405,26.0
143415,50.0
143427,24.0
143429,49.0
143435,
143491,
143497,36.0
143569,45.0
143594,55.0
143609,
143625,
143629,
143668,33.0
143685,56.0
143695,50.0
143715,32.0
143718,
143743,
143768,
143771,37.0
143792,25.0
143807,23.0
143809,21.0
143837,28.0
143875,29.0
143909,26.0
143939,
143964,26.0
143965,31.0
143968,39.0
143976,42.0
144017,
144038,49.0
144062,16.0
144107,
144114,49.0
144127,
144131,39.0
144133,38.0
144134,
144151,
144162,35.0
144194,21.0
144219,
144223,20.0
144229,25.0
144241,33.0
144255,
144256,33.0
144262,
144314,43.0
144315,
144316,39.0
144318,
144338,
144348,31.0
144395,
144433,
144449,29.0
144455,40.0
144466,
144478,39.0
144486,38.0
144502,40.0
144512,
144516,41.0
144531,37.0
144534,
144549,
144555,37.0
144619,
144632,
144667,
144699,
144707,23.0
144727,45.0
144742,47.0
144765,
144799,
144828,
144830,
144892,54.0
144899,
144910,
144925,32.0
144943,
144953,49.0
144967,
144978,41.0
144997,31.0
145003,34.0
145032,50.0
145053,
145109,45.0
145161,38.0
145165,38.0
145198,28.0
145218,40.0
145234,52.0
145236,
145286,
145330,61.0
145369,
145412,60.0
145431,33.0
145449,
145451,63.0
145473,40.0
145474,14.0
145496,19.0
145543,28.0
145546,37.0
145558,30.0
145614,41.0
145619,36.0
145641,
145644,24.0
145688,
145728,52.0
145737,40.0
145752,
145783,67.0
145861,39.0
145867,23.0
145887,
145947,41.0
145959,42.0
145961,51.0
145976,36.0
146025,42.0
146026,25.0
146057,
146061,32.0
146078,42.0
146081,40.0
146083,29.0
146090,
146106,
146110,32.0
146113,
146118,59.0
146175,27.0
146197,39.0
146207,36.0
146230,49.0
146266,48.0
146279,42.0
146281,28.0
146298,25.0
146319,37.0
146321,
146345,47.0
146348,
146386,14.0
146407,
146421,44.0
146428,
146468,56.0
146517,22.0
146530,
146564,43.0
146573,45.0
146616,57.0
146641,
146649,26.0
146699,
146709,
146722,28.0
146734,37.0
146778,
146781,52.0
146803,
146804,
146855,
146874,
146890,64.0
146932,30.0
147045,28.0
147101,26.0
147141,21.0
147156,42.0
147166,38.0
147210,
147224,41.0
147307,48.0
147385,
147396,34.0
147404,27.0
147413,
147414,42.0
147420,53.0
147451,37.0
147462,36.0
147475,57.0
147522,33.0
147528,
147616,30.0
147649,25.0
147676,50.0
147678,36.0
147680,76.0
147686,34.0
147687,17.0
147688,45.0
147744,
147752,27.0
147762,
147764,29.0
147781,34.0
147800,41.0
147803,64.0
147839,47.0
147847,
147851,22.0
147863,
147900,32.0
147901,
147947,
147965,
147975,
147978,37.0
148028,
148030,
148052,
148053,26.0
148121,34.0
148123,28.0
148124,26.0
148133,26.0
148142,21.0
148153,26.0
148157,43.0
148158,
148191,42.0
148192,50.0
148199,50.0
148220,24.0
148239,
148258,
148263,34.0
148314,29.0
148344,79.0
148378,20.0
148408,
148452,
148586,
148590,49.0
148607,46.0
148620,59.0
148632,
148662,25.0
148695,26.0
148712,
148739,
148744,67.0
148773,38.0
148782,
148798,54.0
148804,
148806,54.0
148847,34.0
148863,
148898,24.0
148928,
148929,59.0
148934,31.0
148962,54.0
148965,33.0
148966,35.0
148986,62.0
148996,
149043,55.0
149061,
149069,30.0
149071,49.0
149084,32.0
149111,
149120,
149136,
149140,44.0
149152,
149172,37.0
149198,17.0
149204,
149206,
149231,
149250,32.0
149259,49.0
149357,44.0
149373,
149400,48.0
149445,
149483,25.0
149484,23.0
149510,41.0
149563,44.0
149598,41.0
149647,27.0
149661,
149690,35.0
149802,33.0
149810,
149843,60.0
149893,25.0
149907,42.0
149908,29.0
149909,22.0
149934,44.0
149985,34.0
150000,
150026,25.0
150042,
150067,29.0
150088,29.0
150124,30.0
150297,24.0
150316,55.0
150327,
150350,37.0
150431,27.0
150468,37.0
150498,38.0
150508,
150516,29.0
150554,15.0
150561,33.0
150567,28.0
150587,61.0
150627,24.0
150657,26.0
150661,36.0
150663,24.0
150704,24.0
150762,29.0
150767,56.0
150814,42.0
150832,55.0
150890,19.0
150894,
150896,30.0
150911,35.0
150932,
150960,
150966,37.0
150968,47.0
150979,34.0
151002,
151043,20.0
151068,28.0
151086,39.0
151098,38.0
151101,
151104,
151107,39.0
151115,43.0
151122,42.0
151139,
151143,
151262,24.0
151263,
151312,38.0
151370,
151404,19.0
151420,22.0
151421,51.0
151454,15.0
151459,54.0
151470,34.0
151479,45.0
151483,
151495,
151503,33.0
151537,33.0
151589,56.0
151602,
151608,
151613,47.0
151634,
151643,
151653,
151654,63.0
151702,18.0
151717,
151738,
151750,23.0
151762,
151780,26.0
151787,16.0
151790,26.0
151799,27.0
151800,25.0
151806,50.0
151811,
151824,
151846,
151847,
151917,45.0
151928,52.0
151946,65.0
151967,
151991,39.0
152016,29.0
152020,
152036,47.0
152046,58.0
152047,
152082,
152099,14.0
152136,31.0
152186,33.0
152205,54.0
152206,16.0
152249,
152260,
152279,33.0
152307,26.0
152309,71.0
152345,
152354,
152409,33.0
152428,26.0
152435,40.0
152468,
152483,18.0
152496,
152502,22.0
152514,61.0
152515,67.0
152524,29.0
152548,30.0
152562,38.0
152568,
152579,22.0
152582,25.0
152605,34.0
152617,27.0
152620,51.0
152645,28.0
152651,24.0
152696,
152720,70.0
152738,34.0
152742,38.0
152770,
152811,
152827,40.0
152856,44.0
152881,33.0
152942,31.0
152946,25.0
152958,25.0
152960,66.0
152971,27.0
153040,30.0
153042,35.0
153054,20.0
153079,26.0
153091,26.0
153105,74.0
153115,30.0
153174,55.0
153211,28.0
153215,28.0
153238,
153249,26.0
153257,
153279,53.0
153283,
153284,
153322,33.0
153340,
153342,43.0
153361,44.0
153367,45.0
153400,37.0
153466,30.0
153496,
153513,31.0
153563,
153570,25.0
153620,
153621,29.0
153653,50.0
153662,44.0
153676,43.0
153718,27.0
153719,49.0
153723,31.0
153787,
153797,31.0
153818,26.0
153865,
153869,22.0
153877,34.0
153927,26.0
153947,56.0
153950,
153957,38.0
154003,30.0
154021,34.0
154037,33.0
154070,38.0
154075,31.0
154126,48.0
154137,
154160,32.0
154173,
154176,31.0
154182,36.0
154244,28.0
154269,
154330,38.0
154345,
154346,24.0
154354,31.0
154409,
154441,40.0
154443,31.0
154465,32.0
154469,
154476,25.0
154487,
154529,37.0
154543,29.0
154553,23.0
154592,
154610,68.0
154627,
154663,35.0
154675,29.0
154679,16.0
154730,42.0
154763,39.0
154773,30.0
154781,62.0
154787,52.0
154788,25.0
154791,
154810,59.0
154811,
154844,32.0
154855,
154859,54.0
154944,33.0
154975,29.0
154981,
154992,40.0
155000,53.0
155014,
155027,39.0
155043,
155064,
155071,
155141,31.0
155146,21.0
155147,60.0
155154,24.0
155173,
155219,29.0
155260,23.0
155286,
155291,34.0
155306,
155332,
155343,26.0
155376,20.0
155444,51.0
155450,
155463,38.0
155495,26.0
155541,
155549,50.0
155580,61.0
155603,
155680,22.0
155681,33.0
155733,
155743,
155771,32.0
155778,
155806,
155807,54.0
155808,
155810,
155820,33.0
155824,45.0
155878,
155913,
155916,27.0
155940,36.0
155989,39.0
156096,
156140,52.0
156150,36.0
156163,54.0
156214,59.0
156243,40.0
156269,53.0
156274,31.0
156300,49.0
156319,
156342,31.0
156343,
156438,43.0
156462,65.0
156467,38.0
156483,57.0
156510,50.0
156527,
156534,26.0
156551,
156566,
156575,41.0
156584,55.0
156659,
156670,39.0
156706,19.0
156726,
156837,39.0
156870,52.0
156971,
156972,26.0
157018,55.0
157065,19.0
157082,25.0
157083,55.0
157101,31.0
157127,26.0
157160,34.0
157163,37.0
157187,
157192,57.0
157247,48.0
157252,43.0
157273,37.0
157281,44.0
157290,33.0
157380,34.0
157468,17.0
157543,
157558,49.0
157594,
157602,
157625,
157655,45.0
157660,
157787,23.0
157799,42.0
157811,34.0
157906,27.0
158033,24.0
158034,35.0
158043,
158100,27.0
158103,56.0
158104,
158127,42.0
158140,
158172,
158226,26.0
158254,28.0
158258,
158262,29.0
158285,
158295,
158344,36.0
158361,44.0
158385,32.0
158433,
158506,52.0
158509,
158567,39.0
158583,40.0
158606,72.0
158714,
158746,
158774,34.0
158791,72.0
158846,54.0
158859,41.0
158867,
158918,
158984,42.0
158997,42.0
159004,35.0
159033,46.0
159040,14.0
159044,44.0
159137,42.0
159211,30.0
159230,46.0
159283,66.0
159376,
159390,36.0
159428,47.0
159440,27.0
159455,
159506,28.0
159564,33.0
159647,
159720,31.0
159732,47.0
159754,60.0
159783,55.0
159787,
159817,
159822,37.0
159834,19.0
159847,
159854,
159858,37.0
159860,43.0
159863,60.0
159868,
159946,38.0
159950,
159977,
160009,16.0
160011,
160032,
160154,
160165,
160168,29.0
160180,57.0
160200,
160231,
160261,42.0
160295,38.0
160334,
160344,31.0
160378,19.0
160381,27.0
160393,46.0
160401,30.0
160405,
160406,
160407,
160408,
160409,
160410,
160412,
160413,
160414,
160415,
160416,
160434,29.0
160451,59.0
160507,36.0
160509,21.0
160511,26.0
160541,
160548,22.0
160551,43.0
160558,28.0
160571,
160574,27.0
160681,28.0
160735,39.0
160744,50.0
160746,
160803,
160812,
160819,43.0
160841,40.0
160878,
160881,
160886,
160939,25.0
160994,65.0
161037,32.0
161039,30.0
161041,24.0
161070,
161200,43.0
161211,25.0
161222,33.0
161234,41.0
161237,36.0
161250,
161252,57.0
161265,44.0
161299,41.0
161326,
161348,17.0
161361,15.0
161373,
161385,
161390,29.0
161391,27.0
161434,
161443,58.0
161448,57.0
161462,18.0
161467,41.0
161476,26.0
161533,27.0
161615,
161662,32.0
161677,26.0
161685,32.0
161744,
161750,
161751,55.0
161752,58.0
161755,26.0
161831,33.0
161849,26.0
161870,
161872,27.0
161873,33.0
161880,31.0
161882,49.0
161892,32.0
161903,43.0
161936,53.0
161974,25.0
161986,
161995,
162001,
162014,
162019,19.0
162030,
162035,
162052,51.0
162085,21.0
162092,26.0
162121,31.0
162153,27.0
162155,57.0
162205,28.0
162219,42.0
162264,
162301,
162311,22.0
162363,31.0
162376,23.0
162380,28.0
162473,29.0
162474,43.0
162496,37.0
162519,29.0
162538,49.0
162562,29.0
162564,28.0
162590,
162596,30.0
162610,29.0
162625,46.0
162626,
162639,
162662,30.0
162671,19.0
162683,49.0
162715,24.0
162738,35.0
162762,25.0
162775,
162780,31.0
162798,31.0
162827,
162840,52.0
162849,57.0
162856,30.0
162861,
162886,29.0
162935,28.0
162957,
162962,25.0
162980,41.0
163016,49.0
163055,
163059,
163128,
163148,28.0
163169,27.0
163194,57.0
163202,26.0
163249,
163277,
163302,23.0
163307,24.0
163319,34.0
163326,28.0
163329,
163335,30.0
163358,21.0
163415,
163419,33.0
163430,
163433,
163443,
163449,38.0
163467,28.0
163485,
163488,24.0
163512,
163523,54.0
163533,48.0
163534,37.0
163542,
163545,65.0
163554,35.0
163570,50.0
163579,58.0
163600,17.0
163612,
163676,59.0
163683,22.0
163690,31.0
163744,54.0
163754,
163759,37.0
163761,37.0
163776,
163796,53.0
163804,43.0
163824,17.0
163851,26.0
163875,
163876,
163897,39.0
163912,36.0
163973,46.0
164027,
164061,
164076,
164096,29.0
164105,28.0
164140,25.0
164150,33.0
164176,
164252,58.0
164269,
164301,
164323,31.0
164418,26.0
164425,
164442,60.0
164465,33.0
164480,44.0
164488,
164492,46.0
164513,
164518,
164533,46.0
164546,
164549,
164581,30.0
164584,52.0
164675,55.0
164696,
164728,
164762,29.0
164775,
164777,60.0
164799,29.0
164828,
164847,34.0
164863,37.0
164870,28.0
164905,29.0
164906,
164926,25.0
164944,23.0
164955,49.0
164956,44.0
164968,34.0
164980,46.0
165017,
165073,44.0
165182,31.0
165183,60.0
165232,23.0
165253,
165267,27.0
165268,73.0
165308,33.0
165316,39.0
165319,28.0
165345,
165392,43.0
165420,31.0
165425,
165452,28.0
165512,28.0
165516,26.0
165549,27.0
165558,18.0
165576,22.0
165582,
165618,
165619,
165654,27.0
165669,45.0
165728,35.0
165743,
165758,
165759,58.0
165763,
165769,
165788,
165806,57.0
165838,60.0
165840,
165866,27.0
165879,26.0
165884,
165889,37.0
165914,
165987,48.0
166017,38.0
166030,33.0
166123,32.0
166130,37.0
166141,34.0
166220,
166287,
166291,
166327,66.0
166390,
166391,60.0
166409,63.0
166412,28.0
166492,19.0
166540,
166569,
166581,70.0
166596,57.0
166639,
166646,30.0
166753,34.0
166758,
166767,
166813,
166824,
166825,
166828,29.0
166830,24.0
166867,
166876,35.0
166891,
166892,38.0
166918,22.0
166922,26.0
167038,
167052,29.0
167056,21.0
167131,30.0
167176,
167189,43.0
167223,
167243,22.0
167272,57.0
167300,35.0
167327,29.0
167349,33.0
167375,33.0
167389,13.0
167438,19.0
167442,18.0
167471,29.0
167478,28.0
167482,
167484,30.0
167494,20.0
167507,21.0
167515,
167517,25.0
167521,23.0
167556,33.0
167562,
167587,22.0
167592,
167611,36.0
167614,46.0
167625,25.0
167644,25.0
167657,62.0
167678,35.0
167704,
167715,34.0
167722,43.0
167746,32.0
167761,24.0
167782,20.0
167794,33.0
167800,57.0
167812,38.0
167813,28.0
167844,37.0
167865,
167892,
167925,26.0
167930,
167944,
167945,34.0
168008,54.0
168016,39.0
168029,15.0
168034,
168036,
168047,28.0
168064,
168092,36.0
168102,
168103,24.0
168106,
168129,22.0
168132,37.0
168139,
168144,46.0
168212,
168216,47.0
168245,37.0
168254,
168275,21.0
168307,
168332,
168336,
168338,35.0
168383,17.0
168387,32.0
168388,
168413,26.0
168438,
168456,
168464,11.0
168478,53.0
168487,36.0
168500,30.0
168545,31.0
168573,
168615,50.0
168636,
168639,62.0
168642,24.0
168691,
168719,61.0
168736,
168763,
168793,57.0
168802,
168805,54.0
168813,23.0
168816,35.0
168877,48.0
168896,
168952,
168954,29.0
168971,49.0
168974,
168985,
168999,28.0
169006,27.0
169017,59.0
169043,
169054,
169057,50.0
169130,54.0
169181,53.0
169192,35.0
169214,44.0
169223,38.0
169233,27.0
169243,41.0
169249,43.0
169282,
169309,
169310,
169357,64.0
169360,25.0
169371,18.0
169380,
169400,
169403,43.0
169438,39.0
169450,31.0
169457,24.0
169465,49.0
169476,31.0
169492,55.0
169496,68.0
169517,
169563,29.0
169600,28.0
169655,58.0
169663,
169677,
169681,41.0
169682,26.0
169692,22.0
169699,40.0
169722,
169727,23.0
169735,
169754,
169755,26.0
169779,36.0
169781,21.0
169784,52.0
169824,35.0
169827,38.0
169859,23.0
169870,
169955,
169964,61.0
169979,41.0
170012,37.0
170054,
170073,
170077,58.0
170118,32.0
170151,
170154,31.0
170155,40.0
170164,27.0
170181,32.0
170184,51.0
170192,
170208,
170227,33.0
170229,56.0
170255,
170256,
170260,
170264,23.0
170317,36.0
170319,69.0
170368,51.0
170372,
170401,54.0
170415,30.0
170441,
170469,24.0
170493,
170499,26.0
170509,32.0
170513,
170518,61.0
170522,48.0
170527,40.0
170545,31.0
170564,38.0
170567,29.0
170568,
170572,34.0
170575,32.0
170595,34.0
170634,
170675,
170676,
170693,
170699,
170702,56.0
170721,33.0
170722,23.0
170724,43.0
170742,41.0
170759,
170762,60.0
170767,24.0
170786,
170791,45.0
170792,38.0
170804,
170810,40.0
170837,33.0
170845,
170850,57.0
170861,44.0
170866,
170869,
170947,35.0
170966,36.0
170982,32.0
170997,66.0
171003,
171005,35.0
171007,38.0
171011,13.0
171031,58.0
171045,44.0
171050,41.0
171055,
171076,29.0
171078,43.0
171079,
171082,36.0
171088,
171096,
171101,
171118,47.0
171130,
171133,
171157,32.0
171165,36.0
171251,
171271,33.0
171295,27.0
171346,
171359,
171389,26.0
171436,29.0
171444,36.0
171445,37.0
171475,44.0
171506,30.0
171555,
171579,24.0
171602,37.0
171623,
171638,50.0
171648,46.0
171680,36.0
171758,13.0
171765,37.0
171774,20.0
171783,20.0
171795,54.0
171818,31.0
171846,
171904,28.0
171959,
171967,
171968,23.0
171970,
171972,19.0
171986,47.0
171999,
172010,21.0
172030,30.0
172048,
172061,25.0
172091,58.0
172101,37.0
172115,23.0
172119,28.0
172122,44.0
172128,40.0
172180,36.0
172192,36.0
172203,45.0
172215,
172216,
172233,
172326,51.0
172331,27.0
172367,
172370,24.0
172374,20.0
172406,29.0
172462,45.0
172486,26.0
172512,25.0
172539,
172588,42.0
172613,39.0
172634,100.0
172676,29.0
172700,33.0
172742,44.0
172760,29.0
172783,29.0
172837,16.0
172840,71.0
172852,
172888,57.0
172941,38.0
173018,
173053,12.0
173090,
173109,
173111,36.0
173122,28.0
173131,25.0
173190,
173225,34.0
173291,29.0
173298,
173301,54.0
173311,
173343,
173357,30.0
173415,31.0
173464,
173481,69.0
173486,45.0
173509,50.0
173511,37.0
173517,35.0
173632,36.0
173650,27.0
173652,
173657,43.0
173659,30.0
173679,27.0
173684,15.0
173728,
173743,35.0
173769,17.0
173773,36.0
173797,47.0
173835,53.0
173850,27.0
173852,
173856,30.0
173860,48.0
173879,25.0
173881,32.0
173906,32.0
173930,
173951,
173999,33.0
174004,51.0
174034,50.0
174045,49.0
174062,38.0
174072,
174092,34.0
174131,
174138,
174140,23.0
174142,26.0
174143,
174151,34.0
174179,
174195,26.0
174207,28.0
174216,36.0
174282,
174290,36.0
174304,26.0
174307,36.0
174322,36.0
174326,38.0
174334,
174362,
174367,53.0
174375,31.0
174388,
174428,37.0
174501,
174503,20.0
174509,
174534,47.0
174568,23.0
174590,
174596,
174601,37.0
174610,47.0
174615,
174625,32.0
174633,31.0
174638,41.0
174642,
174683,40.0
174692,59.0
174700,47.0
174723,
174726,
174738,43.0
174791,38.0
174793,52.0
174827,46.0
174830,
174834,59.0
174848,
174851,43.0
174861,21.0
174876,47.0
174890,
174892,
174897,
174911,
174914,33.0
174916,
174918,59.0
174962,20.0
174986,
174987,32.0
175000,27.0
175003,33.0
175052,57.0
175062,
175070,31.0
175094,
175100,55.0
175101,61.0
175117,
175123,
175141,
175145,33.0
175149,32.0
175168,54.0
175175,
175185,41.0
175190,
175205,
175206,40.0
175223,
175249,
175254,
175257,
175271,55.0
175278,
175283,29.0
175284,38.0
175287,32.0
175304,
175329,
175399,
175463,55.0
175485,21.0
175493,30.0
175510,32.0
175517,
175529,
175536,27.0
175559,
175576,30.0
175636,46.0
175647,
175794,32.0
175796,
175805,
175828,33.0
175873,39.0
175874,
175886,52.0
175892,71.0
175978,27.0
176037,74.0
176062,37.0
176075,15.0
176094,22.0
176102,
176105,31.0
176114,53.0
176170,
176181,29.0
176214,34.0
176230,
176236,37.0
176256,32.0
176280,
176293,
176348,33.0
176367,
176417,
176459,30.0
176477,46.0
176481,
176486,35.0
176494,30.0
176526,
176576,23.0
176577,54.0
176597,34.0
176624,27.0
176656,42.0
176658,33.0
176667,23.0
176709,
176761,33.0
176785,
176790,43.0
176804,42.0
176835,
176838,27.0
176839,22.0
176853,31.0
176875,31.0
176879,
176887,30.0
176894,32.0
176902,25.0
176903,24.0
176916,
176978,
177015,28.0
177040,27.0
177072,47.0
177073,
177082,
177090,37.0
177091,36.0
177108,
177113,47.0
177128,41.0
177157,
177180,39.0
177186,42.0
177195,20.0
177209,30.0
177233,23.0
177237,25.0
177262,25.0
177277,30.0
177284,30.0
177295,41.0
177349,33.0
177373,29.0
177374,
177375,42.0
177386,52.0
177398,45.0
177432,33.0
177451,
177458,29.0
177459,59.0
177492,25.0
177531,40.0
177569,52.0
177573,
177590,49.0
177638,51.0
177660,
177683,
177688,25.0
177690,27.0
177716,34.0
177794,29.0
177842,
177861,
177862,33.0
177870,
177876,46.0
177879,22.0
177932,44.0
177977,
178032,58.0
178035,81.0
178056,32.0
178058,
178065,
178079,55.0
178093,
178130,45.0
178144,27.0
178151,58.0
178181,32.0
178195,58.0
178199,
178201,
178223,34.0
178229,47.0
178240,49.0
178322,66.0
178338,
178356,26.0
178458,66.0
178522,
178534,31.0
178570,43.0
178587,56.0
178597,
178625,
178666,
178667,34.0
178701,27.0
178733,43.0
178768,
178797,29.0
178839,46.0
178880,
178905,27.0
178914,
178919,30.0
178920,31.0
178950,
178961,
179019,
179030,40.0
179068,30.0
179075,82.0
179118,28.0
179144,
179147,
179184,45.0
179216,25.0
179264,36.0
179280,61.0
179288,50.0
179290,29.0
179291,78.0
179321,29.0
179327,18.0
179383,
179408,58.0
179414,
179416,
179433,42.0
179501,23.0
179532,24.0
179534,31.0
179576,28.0
179591,57.0
179641,32.0
179648,27.0
179659,
179688,56.0
179718,39.0
179730,
179733,26.0
179734,26.0
179739,42.0
179741,
179744,26.0
179772,37.0
179791,22.0
179797,43.0
179799,26.0
179812,30.0
179826,22.0
179831,46.0
179843,
179857,41.0
179859,
179885,31.0
179906,
179915,29.0
179939,27.0
179955,21.0
179978,28.0
179986,17.0
180032,
180042,63.0
180120,
180146,53.0
180164,35.0
180169,
180180,24.0
180297,41.0
180348,40.0
180376,28.0
180378,38.0
180383,
180407,
180495,80.0
180549,
180580,
180586,
180591,
180651,54.0
180658,
180707,46.0
180722,19.0
180727,
180733,21.0
180801,36.0
180802,35.0
180815,35.0
180840,33.0
180860,
180865,
180917,50.0
180925,26.0
180942,
180957,
180958,34.0
180960,
180975,45.0
181076,53.0
181077,35.0
181084,57.0
181103,25.0
181165,39.0
181176,43.0
181201,
181212,32.0
181223,
181238,50.0
181254,
181255,26.0
181309,
181316,36.0
181411,
181436,30.0
181443,17.0
181452,
181473,14.0
181666,40.0
181687,29.0
181691,26.0
181714,28.0
181736,32.0
181777,42.0
181796,33.0
181830,
181854,29.0
181870,13.0
181896,53.0
181944,49.0
181948,47.0
181956,21.0
181995,25.0
182053,30.0
182085,
182086,
182088,21.0
182117,
182154,
182164,9.0
182180,30.0
182202,20.0
182212,24.0
182275,29.0
182334,31.0
182345,25.0
182393,35.0
182403,35.0
182414,25.0
182423,
182425,26.0
182442,
182459,28.0
182506,40.0
182527,62.0
182551,33.0
182599,35.0
182746,44.0
182781,54.0
182819,44.0
182829,
182838,26.0
182847,40.0
182881,23.0
182931,32.0
182969,36.0
182987,
182993,40.0
182994,
183015,
183025,
183046,
183061,30.0
183088,43.0
183091,29.0
183101,15.0
183103,66.0
183131,
183132,
183134,
183142,
183146,49.0
183178,35.0
183187,48.0
183196,33.0
183200,37.0
183257,
183277,38.0
183284,
183287,28.0
183340,
183347,35.0
183436,24.0
183460,18.0
183476,29.0
183532,35.0
183537,
183540,35.0
183566,
183572,29.0
183597,
183665,
183722,41.0
183725,
183739,
183740,28.0
183753,26.0
183800,29.0
183801,35.0
183832,
183849,39.0
183883,35.0
183923,
183931,
183952,68.0
183958,57.0
183963,27.0
183985,
183995,49.0
183999,19.0
184089,
184121,37.0
184124,
184132,
184148,
184190,
184195,46.0
184196,
184202,32.0
184223,
184265,65.0
184270,
184279,29.0
184299,31.0
184305,64.0
184310,
184354,36.0
184360,24.0
184365,
184401,55.0
184424,44.0
184435,21.0
184465,33.0
184479,
184483,41.0
184513,61.0
184532,28.0
184547,46.0
184562,49.0
184629,
184632,
184661,
184684,24.0
184777,32.0
184789,34.0
184845,23.0
184871,27.0
184890,32.0
184891,50.0
184904,22.0
184918,35.0
184985,28.0
184990,27.0
185011,42.0
185056,28.0
185087,41.0
185123,31.0
185140,29.0
185147,33.0
185154,50.0
185176,37.0
185233,31.0
185244,
185252,39.0
185254,30.0
185275,32.0
185288,
185296,51.0
185308,
185313,49.0
185351,34.0
185384,
185402,29.0
185448,31.0
185450,35.0
185452,34.0
185468,40.0
185477,63.0
185497,26.0
185514,32.0
185519,40.0
185521,34.0
185528,
185538,28.0
185552,46.0
185580,
185634,
185664,
185671,38.0
185672,
185677,
185683,
185722,24.0
185731,23.0
185771,39.0
185788,59.0
185942,25.0
186032,36.0
186039,24.0
186115,
186238,
186312,
186334,30.0
186446,47.0
186457,33.0
186527,37.0
186533,33.0
186547,55.0
186570,28.0
186591,48.0
186601,31.0
186623,24.0
186664,31.0
186697,12.0
186699,39.0
186728,26.0
186762,18.0
186784,17.0
186807,
186821,
186832,
186837,39.0
186848,31.0
186890,33.0
186899,24.0
186969,24.0
187008,57.0
187029,55.0
187031,50.0
187043,50.0
187065,
187108,
187145,65.0
187170,33.0
187172,19.0
187232,83.0
187239,
187244,
187256,
187266,66.0
187333,33.0
187378,32.0
187397,
187408,
187409,
187410,100.0
187425,12.0
187463,56.0
187487,32.0
187517,28.0
187520,29.0
187574,
187584,
187598,16.0
187606,53.0
187613,19.0
187621,39.0
187624,34.0
187731,
187747,22.0
187761,
187762,24.0
187763,33.0
187801,47.0
187810,45.0
187822,37.0
187830,26.0
187835,50.0
187844,
187863,33.0
187871,22.0
187904,35.0
187918,
187922,34.0
187931,
187948,27.0
187970,
187972,34.0
187981,23.0
187990,34.0
188010,
188022,
188027,44.0
188038,
188064,28.0
188106,41.0
188119,38.0
188132,
188155,19.0
188171,
188178,37.0
188273,22.0
188280,53.0
188369,25.0
188379,51.0
188389,33.0
188396,19.0
188421,17.0
188441,38.0
188483,37.0
188484,24.0
188490,
188511,37.0
188513,44.0
188518,33.0
188529,
188558,53.0
188583,22.0
188589,20.0
188593,26.0
188598,28.0
188658,23.0
188659,61.0
188661,32.0
188668,65.0
188676,38.0
188696,
188796,
188799,23.0
188878,
188912,
188951,24.0
189005,
189066,70.0
189076,32.0
189080,28.0
189104,26.0
189115,28.0
189120,27.0
189139,40.0
189151,60.0
189190,28.0
189227,36.0
189235,
189286,28.0
189320,39.0
189334,49.0
189392,26.0
189403,33.0
189428,61.0
189463,64.0
189474,41.0
189492,22.0
189516,37.0
189536,20.0
189541,
189558,55.0
189565,43.0
189632,
189655,
189665,
189666,
189678,43.0
189686,51.0
189691,54.0
189722,
189725,71.0
189747,33.0
189789,
189798,25.0
189813,
189835,
189844,60.0
189848,36.0
189855,33.0
189891,
189973,
190033,
190080,29.0
190185,
190187,43.0
190265,30.0
190289,29.0
190292,29.0
190298,
190309,
190318,62.0
190335,
190347,45.0
190350,34.0
190374,38.0
190409,51.0
190422,35.0
190448,39.0
190459,40.0
190467,93.0
190479,
190480,35.0
190492,
190521,41.0
190531,
190533,33.0
190676,34.0
190688,
190708,43.0
190741,52.0
190789,
190791,33.0
190807,43.0
190814,28.0
190818,
190831,
190844,
190885,38.0
190917,
190923,45.0
190925,51.0
190939,31.0
190955,29.0
190960,40.0
191014,
191049,
191072,46.0
191093,
191126,
191165,36.0
191166,21.0
191187,
191188,80.0
191260,14.0
191293,
191428,43.0
191430,
191505,30.0
191508,28.0
191521,
191523,41.0
191548,44.0
191560,59.0
191575,30.0
191610,
191638,44.0
191671,30.0
191694,62.0
191707,26.0
191716,49.0
191720,37.0
191740,
191761,50.0
191775,64.0
191795,
191803,
191807,25.0
191841,33.0
191865,
191875,25.0
191881,
191883,27.0
191913,54.0
191915,
191968,29.0
192038,34.0
192093,46.0
192095,50.0
192101,29.0
192119,39.0
192121,
192135,
192158,
192176,58.0
192185,52.0
192191,
192203,64.0
192211,45.0
192230,30.0
192244,26.0
192245,
192277,62.0
192308,53.0
192353,26.0
192354,27.0
192387,70.0
192413,
192428,34.0
192453,
192460,28.0
192462,
192479,43.0
192492,
192544,27.0
192660,
192665,47.0
192696,
192705,57.0
192710,53.0
192727,50.0
192733,59.0
192739,34.0
192765,
192844,
192845,43.0
192906,
192914,
193017,39.0
193063,48.0
193106,
193131,28.0
193156,
193168,38.0
193248,32.0
193294,
193335,
193337,
193344,33.0
193350,
193352,
193412,36.0
193428,
193448,53.0
193458,40.0
193469,29.0
193470,
193482,49.0
193499,41.0
193529,51.0
193560,37.0
193584,48.0
193610,
193612,30.0
193615,
193664,16.0
193676,27.0
193680,53.0
193695,
193716,35.0
193723,50.0
193738,
193740,17.0
193746,
193750,
193759,
193768,53.0
193769,59.0
193778,
193786,49.0
193798,33.0
193817,
193819,
193898,
193904,
193966,35.0
194027,63.0
194129,
194172,54.0
194202,40.0
194205,42.0
194229,40.0
194243,
194273,51.0
194287,23.0
194358,26.0
194425,
194457,54.0
194463,52.0
194500,60.0
194513,57.0
194514,36.0
194519,28.0
194525,
194534,40.0
194543,
194556,
194600,51.0
194605,41.0
194606,63.0
194614,33.0
194636,
194637,35.0
194639,57.0
194646,50.0
194669,46.0
194676,
194699,
194706,46.0
194722,
194735,60.0
194739,
194803,44.0
194877,30.0
194957,41.0
194974,28.0
194992,34.0
195008,29.0
195016,37.0
195033,40.0
195041,51.0
195049,41.0
195057,19.0
195079,43.0
195100,52.0
195101,55.0
195116,27.0
195128,31.0
195182,47.0
195247,18.0
195326,
195374,51.0
195386,53.0
195441,57.0
195469,39.0
195572,31.0
195694,29.0
195714,37.0
195716,59.0
195770,31.0
195880,40.0
195904,36.0
195940,35.0
195943,17.0
195965,
196018,27.0
196031,
196047,55.0
196050,68.0
196052,36.0
196053,35.0
196054,38.0
196055,45.0
196062,
196077,28.0
196085,47.0
196099,
196106,34.0
196108,34.0
196113,
196129,26.0
196137,36.0
196146,
196148,26.0
196149,29.0
196160,22.0
196178,29.0
196187,
196191,18.0
196204,25.0
196228,40.0
196253,34.0
196261,24.0
196282,25.0
196317,60.0
196441,53.0
196457,
196466,30.0
196468,57.0
196475,
196492,
196493,26.0
196502,38.0
196527,
196546,24.0
196553,
196598,49.0
196621,58.0
196656,26.0
196658,
196709,31.0
196723,51.0
196738,39.0
196773,39.0
196775,
196812,
196857,31.0
196859,40.0
196886,30.0
196891,
196915,23.0
196930,
196976,30.0
196985,
197000,
197012,33.0
197124,19.0
197130,39.0
197189,32.0
197206,
197293,26.0
197364,30.0
197405,
197410,31.0
197424,42.0
197425,43.0
197502,26.0
197548,52.0
197550,40.0
197609,33.0
197659,49.0
197664,37.0
197687,
197688,
197727,16.0
197728,29.0
197763,
197775,21.0
197828,61.0
197866,30.0
197882,35.0
197913,22.0
197917,46.0
197939,
197942,
197997,29.0
198011,
198012,34.0
198045,23.0
198046,51.0
198114,34.0
198139,
198177,31.0
198213,19.0
198214,16.0
198216,19.0
198243,30.0
198290,49.0
198302,
198306,15.0
198331,43.0
198355,
198412,17.0
198483,
198487,
198506,49.0
198507,58.0
198515,39.0
198547,
198557,24.0
198564,42.0
198609,
198621,42.0
198625,30.0
198692,51.0
198699,49.0
198711,62.0
198726,46.0
198727,30.0
198760,
198767,65.0
198776,35.0
198781,43.0
198790,
198822,36.0
198840,24.0
198887,37.0
198930,21.0
198937,23.0
198982,34.0
198983,29.0
198996,62.0
199016,
199025,
199030,59.0
199041,
199092,50.0
199095,58.0
199106,40.0
199178,57.0
199209,32.0
199219,23.0
199336,
199353,
199357,
199359,
199378,14.0
199384,72.0
199390,26.0
199416,65.0
199431,15.0
199442,39.0
199494,57.0
199510,29.0
199515,44.0
199562,22.0
199616,
199640,
199772,
199795,48.0
199800,
199857,66.0
199871,
199901,35.0
199966,
199981,
200000,
200009,30.0
200093,55.0
200196,56.0
200206,
200213,
200226,39.0
200234,53.0
200245,
200246,36.0
200248,21.0
200250,
200252,32.0
200315,39.0
200323,19.0
200382,60.0
200394,56.0
200402,35.0
200409,
200422,29.0
200493,56.0
200508,
200556,
200557,26.0
200568,48.0
200583,44.0
200585,18.0
200607,
200631,51.0
200643,21.0
200667,36.0
200674,58.0
200772,28.0
200814,31.0
200876,
200891,
200978,41.0
200993,25.0
201017,36.0
201036,
201042,34.0
201058,
201066,
201141,27.0
201290,35.0
201303,24.0
201323,20.0
201349,15.0
201353,19.0
201383,
201404,28.0
201447,40.0
201475,35.0
201521,
201526,25.0
201548,29.0
201557,
201568,
201575,31.0
201576,
201579,42.0
201593,36.0
201636,48.0
201641,19.0
201673,19.0
201674,28.0
201677,29.0
201684,24.0
201697,29.0
201714,29.0
201724,45.0
201725,28.0
201751,
201760,29.0
201768,47.0
201776,22.0
201783,25.0
201792,21.0
201829,33.0
201869,55.0
201898,
201908,35.0
201923,
201969,
202000,
202025,38.0
202036,
202058,35.0
202063,24.0
202069,35.0
202073,29.0
202127,25.0
202147,28.0
202173,29.0
202174,50.0
202182,24.0
202195,36.0
202205,29.0
202212,29.0
202246,56.0
202254,
202257,
202267,21.0
202269,37.0
202277,54.0
202300,39.0
202324,50.0
202346,66.0
202353,
202358,52.0
202381,53.0
202462,32.0
202514,31.0
202528,
202532,
202553,39.0
202564,
202654,38.0
202670,36.0
202688,
202706,
202711,30.0
202738,
202764,27.0
202783,
202834,20.0
202885,62.0
202918,34.0
202919,
202942,
202960,
202963,32.0
203014,
203017,32.0
203033,54.0
203044,40.0
203058,32.0
203075,23.0
203156,
203161,38.0
203213,
203240,32.0
203265,28.0
203280,28.0
203379,
203380,38.0
203392,62.0
203401,
203422,
203425,25.0
203441,38.0
203502,
203506,18.0
203523,46.0
203531,24.0
203542,48.0
203566,
203598,41.0
203603,37.0
203621,37.0
203649,41.0
203710,35.0
203742,64.0
203764,48.0
203799,54.0
203805,
203844,40.0
203877,
203897,44.0
203900,30.0
203910,16.0
203918,17.0
203935,27.0
203968,
203973,
204040,
204115,30.0
204117,
204167,30.0
204179,
204205,36.0
204255,18.0
204285,23.0
204311,
204316,64.0
204333,32.0
204359,40.0
204363,29.0
204391,33.0
204393,23.0
204414,42.0
204448,
204452,38.0
204455,56.0
204457,55.0
204470,60.0
204474,
204504,41.0
204522,29.0
204571,
204591,30.0
204619,13.0
204622,24.0
204652,
204660,63.0
204663,43.0
204669,52.0
204676,
204678,36.0
204696,
204698,
204748,
204783,56.0
204790,31.0
204794,63.0
204804,
204813,
204822,
204825,18.0
204844,
204854,16.0
204864,47.0
204909,
204929,33.0
204936,
204946,47.0
204964,24.0
204978,27.0
205038,33.0
205059,69.0
205072,33.0
205085,
205145,
205166,38.0
205188,
205196,30.0
205197,24.0
205202,
205260,19.0
205281,37.0
205285,
205353,18.0
205356,28.0
205374,
205383,36.0
205389,52.0
205426,36.0
205448,22.0
205473,32.0
205487,36.0
205502,24.0
205508,
205517,
205520,
205536,29.0
205538,
205554,16.0
205608,
205708,39.0
205735,26.0
205745,
205765,27.0
205783,
205843,37.0
205849,
205867,
205878,34.0
205909,
205919,25.0
205922,61.0
205938,
205943,43.0
205963,56.0
205967,
205969,48.0
205977,21.0
205979,23.0
205980,
205992,58.0
206013,28.0
206016,25.0
206045,38.0
206058,23.0
206074,16.0
206107,
206109,29.0
206160,
206171,
206177,49.0
206202,16.0
206204,
206217,27.0
206219,19.0
206249,20.0
206272,40.0
206300,34.0
206305,
206306,45.0
206335,35.0
206375,18.0
206393,29.0
206418,27.0
206423,
206438,24.0
206441,32.0
206534,
206563,45.0
206567,33.0
206570,37.0
206573,
206610,
206635,31.0
206657,36.0
206675,14.0
206691,28.0
206695,45.0
206709,47.0
206736,31.0
206764,50.0
206775,
206836,27.0
206865,22.0
206877,
206891,32.0
206903,
206932,29.0
206944,26.0
206959,32.0
206967,
206972,15.0
206979,22.0
207003,
207095,
207134,50.0
207148,42.0
207152,28.0
207192,25.0
207246,28.0
207249,59.0
207251,62.0
207259,38.0
207275,22.0
207291,
207339,43.0
207340,47.0
207341,58.0
207349,25.0
207350,58.0
207356,47.0
207385,58.0
207400,
207411,23.0
207450,
207470,
207488,20.0
207494,42.0
207498,83.0
207499,
207563,29.0
207569,
207573,30.0
207598,31.0
207616,53.0
207623,38.0
207636,29.0
207651,
207667,
207686,35.0
207721,39.0
207727,37.0
207748,28.0
207782,28.0
207825,52.0
207835,57.0
207860,
207873,
207924,50.0
207926,
207936,58.0
207958,
207965,46.0
207971,53.0
208009,
208018,
208019,
208022,
208040,49.0
208050,
208058,35.0
208059,
208064,
208077,
208095,
208112,32.0
208141,46.0
208147,41.0
208161,34.0
208204,43.0
208236,30.0
208251,35.0
208302,
208332,
208339,
208347,69.0
208352,
208367,29.0
208376,
208378,
208382,53.0
208390,32.0
208393,35.0
208406,30.0
208410,23.0
208415,37.0
208429,68.0
208451,
208468,44.0
208480,
208481,56.0
208492,34.0
208502,53.0
208506,
208513,
208555,12.0
208566,
208568,
208570,45.0
208583,
208584,
208591,40.0
208600,16.0
208605,38.0
208620,54.0
208622,44.0
208624,
208633,
208641,48.0
208645,29.0
208663,39.0
208665,69.0
208668,59.0
208671,
208674,66.0
208683,
208684,24.0
208697,
208700,35.0
208715,
208741,30.0
208751,55.0
208755,
208756,
208786,36.0
208788,23.0
208815,23.0
208829,
208867,
208877,
208897,
208907,26.0
208936,
208960,35.0
208969,21.0
209059,26.0
209147,
209148,33.0
209156,48.0
209160,32.0
209163,
209174,
209186,33.0
209204,37.0
209220,52.0
209224,59.0
209229,35.0
209238,60.0
209265,44.0
209272,50.0
209313,20.0
209317,
209371,
209373,37.0
209375,
209385,57.0
209394,
209458,19.0
209464,17.0
209477,36.0
209486,24.0
209516,57.0
209536,30.0
209548,
209563,48.0
209625,33.0
209631,23.0
209684,33.0
209742,
209756,36.0
209765,
209817,27.0
209830,17.0
209833,65.0
209870,41.0
209875,43.0
209907,
209932,62.0
209959,40.0
209974,
209985,45.0
210010,26.0
210035,24.0
210077,55.0
210097,54.0
210168,26.0
210174,
210223,22.0
210261,
210276,67.0
210299,47.0
210311,25.0
210315,
210317,
210324,25.0
210330,
210346,35.0
210420,
210481,39.0
210485,35.0
210493,40.0
210496,42.0
210573,
210587,
210597,38.0
210599,
210627,
210685,25.0
210706,20.0
210711,45.0
210717,42.0
210722,
210738,
210772,44.0
210791,25.0
210792,36.0
210816,29.0
210822,36.0
210838,66.0
210855,46.0
210874,26.0
210912,
210921,35.0
210923,
210926,
210945,44.0
210959,30.0
211028,
211041,30.0
211098,
211117,
211137,
211145,37.0
211152,33.0
211158,58.0
211176,29.0
211231,21.0
211264,38.0
211288,36.0
211303,43.0
211344,32.0
211351,42.0
211360,37.0
211368,36.0
211426,24.0
211430,28.0
211460,33.0
211500,61.0
211603,
211607,64.0
211610,50.0
211692,21.0
211713,45.0
211733,18.0
211767,34.0
211770,23.0
211847,27.0
211919,38.0
211922,
211937,
211944,42.0
211961,40.0
211976,18.0
212009,32.0
212075,34.0
212088,33.0
212109,56.0
212124,
212130,
212142,37.0
212181,13.0
212216,
212252,41.0
212260,
212328,34.0
212350,44.0
212385,18.0
212411,25.0
212413,27.0
212427,
212439,
212467,62.0
212539,31.0
212568,
212578,
212591,
212607,50.0
212628,36.0
212631,57.0
212640,
212645,21.0
212697,18.0
212719,
212740,
212789,34.0
212797,39.0
212798,39.0
212802,51.0
212804,20.0
212806,
212835,31.0
212847,
212849,59.0
212853,
212859,61.0
212888,50.0
212891,
212898,
212923,34.0
212965,
212983,
212984,
212986,39.0
212991,44.0
213064,
213066,
213079,
213094,34.0
213119,20.0
213126,
213150,
213191,
213197,33.0
213202,38.0
213207,
213255,32.0
213312,47.0
213316,32.0
213350,65.0
213369,38.0
213410,
213426,28.0
213494,48.0
213518,42.0
213523,
213531,63.0
213598,28.0
213612,34.0
213625,
213628,31.0
213638,43.0
213641,37.0
213657,28.0
213661,41.0
213664,
213703,49.0
213707,30.0
213708,36.0
213760,32.0
213831,41.0
213839,43.0
213843,59.0
213851,41.0
213873,57.0
213915,29.0
213919,
213941,20.0
213953,68.0
213972,
213998,68.0
214042,63.0
214102,
214118,
214138,
214212,78.0
214234,17.0
214244,23.0
214272,42.0
214315,32.0
214348,66.0
214436,35.0
214528,31.0
214581,
214583,
214631,52.0
214641,30.0
214651,38.0
214686,41.0
214717,23.0
214786,
214807,23.0
214821,
214876,19.0
214879,24.0
214890,62.0
214920,35.0
214990,29.0
215006,44.0
215020,47.0
215024,
215040,51.0
215071,29.0
215078,
215104,
215136,
215139,
215148,
215180,39.0
215256,34.0
215278,
215298,32.0
215304,
215357,
215359,57.0
215371,
215375,43.0
215388,
215413,
215421,57.0
215498,24.0
215512,16.0
215588,33.0
215607,
215609,
215627,
215677,44.0
215683,
215693,30.0
215709,
215728,30.0
215745,24.0
215753,
215772,
215787,27.0
215791,
215829,
215942,24.0
215947,
215980,
215986,28.0
215988,42.0
216012,34.0
216019,29.0
216023,49.0
216027,54.0
216057,
216071,
216099,
216100,40.0
216151,54.0
216155,38.0
216188,
216211,39.0
216260,
216294,69.0
216329,
216336,18.0
216386,25.0
216435,24.0
216444,57.0
216466,29.0
216476,30.0
216495,52.0
216501,35.0
216508,30.0
216520,57.0
216557,33.0
216579,29.0
216592,
216602,
216670,
216679,26.0
216683,
216724,20.0
216745,36.0
216781,55.0
216829,
216877,29.0
216882,
216925,43.0
216931,51.0
216955,33.0
216962,
217012,
217056,30.0
217089,50.0
217106,55.0
217107,34.0
217121,43.0
217134,58.0
217173,25.0
217211,28.0
217212,65.0
217223,
217252,46.0
217262,55.0
217270,
217271,43.0
217282,
217292,75.0
217313,
217318,
217375,35.0
217386,
217395,26.0
217444,17.0
217458,43.0
217468,23.0
217491,41.0
217496,
217512,24.0
217513,38.0
217516,56.0
217566,16.0
217617,21.0
217673,34.0
217740,37.0
217763,
217811,37.0
217818,
217895,
217934,46.0
217958,
217986,35.0
218010,30.0
218051,24.0
218068,35.0
218121,
218160,
218182,38.0
218197,39.0
218221,18.0
218240,35.0
218241,
218272,55.0
218276,49.0
218286,
218344,23.0
218379,18.0
218384,68.0
218411,45.0
218430,55.0
218491,35.0
218497,43.0
218514,27.0
218552,48.0
218568,41.0
218569,36.0
218608,31.0
218615,
218636,
218638,
218640,34.0
218689,
218714,26.0
218721,
218760,31.0
218831,27.0
218836,
218844,41.0
218875,28.0
218930,29.0
218935,21.0
218936,43.0
218976,19.0
219008,60.0
219013,19.0
219035,
219065,
219132,
219149,44.0
219208,26.0
219209,
219219,
219235,
219254,
219259,
219260,49.0
219278,25.0
219280,38.0
219301,
219321,
219353,37.0
219387,49.0
219420,29.0
219482,28.0
219529,
219530,19.0
219546,25.0
219590,54.0
219593,
219597,59.0
219609,37.0
219611,
219631,
219671,35.0
219683,32.0
219722,24.0
219726,40.0
219729,39.0
219798,
219813,27.0
219887,50.0
219921,
219924,64.0
219938,
219949,
219951,19.0
219952,55.0
219955,34.0
219974,57.0
220013,23.0
220091,
220095,
220122,
220158,
220240,34.0
220278,32.0
220297,
220307,33.0
220314,39.0
220326,49.0
220370,30.0
220371,18.0
220399,
220435,
220484,
220490,32.0
220498,
220503,
220512,30.0
220564,28.0
220586,
220597,26.0
220608,32.0
220621,
220623,
220626,27.0
220635,
220661,41.0
220664,28.0
220666,
220688,27.0
220695,29.0
220717,
220759,
220829,
220867,25.0
220892,
220911,29.0
220931,23.0
220945,36.0
220958,34.0
221008,40.0
221040,29.0
221050,29.0
221103,
221115,59.0
221117,30.0
221186,41.0
221232,21.0
221238,17.0
221257,42.0
221262,
221309,
221327,
221346,55.0
221368,
221370,46.0
221445,
221510,28.0
221524,28.0
221543,46.0
221557,30.0
221655,
221672,28.0
221681,
221687,34.0
221690,
221698,53.0
221701,48.0
221705,
221707,
221713,
221732,26.0
221753,35.0
221777,26.0
221796,
221867,
221870,45.0
221871,
221903,23.0
221946,28.0
221948,36.0
221967,
221981,39.0
222019,
222034,
222035,56.0
222041,51.0
222050,45.0
222110,33.0
222138,15.0
222152,78.0
222190,
222204,42.0
222210,
222220,30.0
222293,41.0
222296,
222353,
222363,47.0
222372,54.0
222391,25.0
222404,23.0
222488,29.0
222492,
222501,30.0
222506,57.0
222563,41.0
222614,59.0
222621,
222642,33.0
222670,
222677,49.0
222683,
222688,42.0
222716,
222737,41.0
222743,36.0
222748,22.0
222788,23.0
222801,
222819,
222826,28.0
222834,32.0
222836,36.0
222884,19.0
222896,33.0
222912,41.0
222941,57.0
223034,
223036,34.0
223066,51.0
223078,47.0
223087,
223105,
223129,31.0
223132,49.0
223143,
223154,33.0
223156,31.0
223161,
223164,
223174,
223190,33.0
223191,48.0
223201,
223210,57.0
223211,41.0
223212,
223231,17.0
223238,21.0
223253,56.0
223291,
223315,
223325,48.0
223326,30.0
223331,
223347,
223386,27.0
223391,
223402,36.0
223430,48.0
223431,
223438,31.0
223454,
223455,
223461,38.0
223501,
223530,
223544,33.0
223554,35.0
223566,29.0
223587,
223607,
223608,31.0
223642,33.0
223644,30.0
223714,
223721,
223768,
223784,47.0
223787,58.0
223814,
223816,26.0
223862,
223872,37.0
223879,
223892,
223927,27.0
223942,
223953,29.0
223954,34.0
223977,
223996,
224000,40.0
224013,17.0
224085,
224105,54.0
224115,28.0
224122,
224138,
224146,35.0
224150,68.0
224159,
224199,
224203,
224209,
224217,51.0
224226,
224236,
224249,
224289,28.0
224303,
224308,57.0
224340,45.0
224342,42.0
224349,23.0
224366,33.0
224393,28.0
224430,
224435,24.0
224439,18.0
224479,55.0
224525,18.0
224606,19.0
224626,30.0
224646,
224657,25.0
224764,
224768,41.0
224809,61.0
224830,
224904,27.0
224923,24.0
224924,26.0
224927,38.0
224944,45.0
224992,42.0
224997,
225002,32.0
225065,21.0
225066,38.0
225078,46.0
225087,51.0
225163,66.0
225186,14.0
225187,
225191,18.0
225199,54.0
225213,23.0
225232,
225366,
225378,
225379,24.0
225411,
225435,
225449,57.0
225453,38.0
225542,
225593,
225595,37.0
225610,28.0
225612,37.0
225617,
225634,12.0
225659,35.0
225666,
225683,25.0
225686,16.0
225687,16.0
225710,65.0
225717,33.0
225731,25.0
225763,
225776,56.0
225810,56.0
225867,93.0
225886,35.0
225887,13.0
225902,
225903,12.0
225910,19.0
225912,
225938,46.0
225969,41.0
225986,36.0
225989,27.0
225996,20.0
226003,53.0
226006,35.0
226007,24.0
226026,71.0
226031,37.0
226069,43.0
226108,
226126,
226139,
226205,48.0
226220,45.0
226267,
226306,52.0
226341,18.0
226349,18.0
226362,74.0
226374,29.0
226393,24.0
226394,31.0
226429,
226462,33.0
226482,21.0
226489,
226523,32.0
226545,38.0
226548,32.0
226553,
226554,
226556,58.0
226564,16.0
226569,
226610,
226616,
226638,50.0
226682,40.0
226702,55.0
226713,
226728,37.0
226739,30.0
226743,51.0
226745,38.0
226772,37.0
226775,30.0
226847,18.0
226874,33.0
226879,31.0
226926,
226965,47.0
226975,28.0
226976,
226987,34.0
226991,45.0
226998,65.0
227013,
227025,33.0
227054,27.0
227072,
227097,37.0
227126,39.0
227146,
227161,
227176,27.0
227192,
227202,26.0
227208,
227250,32.0
227275,47.0
227276,41.0
227282,
227292,
227295,
227327,35.0
227368,
227377,52.0
227392,30.0
227397,
227404,37.0
227413,
227422,35.0
227438,27.0
227447,38.0
227467,
227520,33.0
227544,31.0
227591,
227641,40.0
227654,
227672,
227681,27.0
227702,42.0
227705,36.0
227771,19.0
227814,48.0
227836,30.0
227859,26.0
227861,31.0
227884,25.0
227886,
227925,40.0
227930,
228021,32.0
228064,56.0
228073,32.0
228096,
228108,
228128,
228154,26.0
228181,
228189,45.0
228206,30.0
228245,18.0
228255,
228311,32.0
228313,17.0
228321,22.0
228351,16.0
228374,44.0
228442,
228445,19.0
228455,76.0
228477,
228508,45.0
228579,29.0
228633,20.0
228641,57.0
228652,
228681,
228727,
228738,65.0
228764,39.0
228789,44.0
228868,33.0
228880,31.0
228891,31.0
228913,59.0
228947,36.0
228978,36.0
228998,41.0
229011,
229013,30.0
229055,32.0
229064,36.0
229076,45.0
229085,53.0
229091,
229092,
229140,
229177,
229196,32.0
229243,29.0
229244,28.0
229255,
229258,32.0
229313,31.0
229329,56.0
229331,37.0
229334,30.0
229335,
229386,48.0
229405,55.0
229409,32.0
229410,
229412,27.0
229422,41.0
229448,42.0
229454,24.0
229496,32.0
229497,62.0
229498,
229499,16.0
229501,20.0
229502,27.0
229513,31.0
229551,28.0
229591,21.0
229632,23.0
229656,30.0
229673,
229681,
229703,
229707,38.0
229734,
229741,29.0
229742,30.0
229757,24.0
229767,32.0
229768,23.0
229816,25.0
229899,26.0
229921,
229922,34.0
230013,
230030,36.0
230050,40.0
230105,29.0
230115,44.0
230133,33.0
230180,33.0
230241,
230249,
230253,52.0
230293,33.0
230317,18.0
230374,30.0
230400,40.0
230402,
230404,46.0
230411,
230427,28.0
230428,48.0
230459,39.0
230460,34.0
230474,
230490,31.0
230496,34.0
230522,52.0
230581,29.0
230599,38.0
230626,
230627,44.0
230629,54.0
230687,47.0
230699,30.0
230708,43.0
230825,
230878,31.0
230930,33.0
230968,57.0
230971,
230985,19.0
230997,60.0
231048,
231081,15.0
231132,
231149,
231177,37.0
231183,34.0
231210,44.0
231225,
231237,
231241,62.0
231251,
231252,
231255,
231263,27.0
231264,38.0
231265,40.0
231290,29.0
231295,
231299,20.0
231337,26.0
231340,37.0
231346,
231351,34.0
231354,
231357,23.0
231374,20.0
231393,28.0
231395,
231462,
231466,11.0
231485,24.0
231560,
231603,
231613,28.0
231638,
231694,44.0
231727,
231735,
231767,42.0
231795,54.0
231821,
231823,
231827,32.0
231838,36.0
231848,59.0
231854,
231857,46.0
231865,34.0
231891,33.0
231897,33.0
231993,26.0
232030,57.0
232036,
232047,
232048,
232052,26.0
232066,30.0
232067,
232093,
232099,32.0
232103,30.0
232106,36.0
232107,18.0
232131,
232154,
232171,
232185,22.0
232199,
232211,
232222,28.0
232266,32.0
232271,46.0
232292,
232295,
232320,36.0
232343,
232368,34.0
232440,55.0
232449,
232458,
232492,31.0
232541,34.0
232579,38.0
232583,28.0
232598,
232611,
232624,44.0
232670,23.0
232688,22.0
232704,
232708,17.0
232712,24.0
232736,46.0
232752,34.0
232756,34.0
232774,34.0
232777,
232801,24.0
232820,25.0
232838,39.0
232853,40.0
232929,35.0
232945,28.0
232959,43.0
232964,44.0
232990,26.0
233041,29.0
233061,
233117,
233119,27.0
233137,55.0
233143,34.0
233196,43.0
233250,35.0
233256,36.0
233299,
233312,
233361,47.0
233383,
233392,51.0
233427,
233430,45.0
233431,
233435,
233436,
233444,35.0
233445,
233451,42.0
233480,
233526,35.0
233529,44.0
233534,51.0
233543,58.0
233578,43.0
233656,32.0
233697,31.0
233711,36.0
233719,49.0
233731,44.0
233738,
233747,29.0
233754,
233777,
233778,54.0
233821,32.0
233829,
233853,23.0
233856,31.0
233867,25.0
233889,37.0
233903,23.0
233909,
233911,41.0
233917,38.0
233924,31.0
233928,18.0
233930,29.0
233955,
233962,47.0
233976,29.0
233983,23.0
233995,27.0
233997,33.0
234023,40.0
234108,
234147,39.0
234165,
234205,15.0
234281,
234286,
234288,35.0
234289,34.0
234359,35.0
234399,
234401,34.0
234406,
234465,25.0
234544,
234565,35.0
234597,
234614,
234623,
234647,32.0
234672,53.0
234675,
234683,23.0
234685,33.0
234702,25.0
234714,25.0
234721,
234734,
234743,
234755,35.0
234759,
234765,28.0
234797,56.0
234816,30.0
234828,
234879,30.0
234893,41.0
234901,49.0
234925,51.0
234937,57.0
234948,
234953,
234954,26.0
234983,32.0
235011,
235037,28.0
235059,24.0
235099,48.0
235105,46.0
235117,47.0
235146,39.0
235173,
235185,23.0
235206,56.0
235221,45.0
235282,43.0
235375,
235384,
235392,27.0
235394,22.0
235429,19.0
235442,21.0
235475,46.0
235486,
235494,23.0
235498,42.0
235506,29.0
235543,53.0
235619,41.0
235671,
235677,26.0
235684,26.0
235688,35.0
235705,17.0
235805,27.0
235812,31.0
235842,41.0
235884,
235888,24.0
235895,
235935,43.0
235948,
235952,25.0
236017,30.0
236025,
236030,47.0
236032,46.0
236033,38.0
236044,
236058,34.0
236097,
236164,42.0
236172,34.0
236235,19.0
236237,32.0
236251,18.0
236255,50.0
236267,30.0
236269,21.0
236280,
236283,41.0
236322,
236340,29.0
236349,39.0
236399,40.0
236480,34.0
236550,
236574,53.0
236580,
236583,32.0
236587,
236594,25.0
236595,19.0
236618,
236621,
236625,38.0
236655,30.0
236668,20.0
236700,
236727,32.0
236728,
236754,25.0
236757,
236827,
236840,72.0
236855,20.0
236872,35.0
236885,59.0
236913,28.0
236940,54.0
236943,42.0
236948,35.0
236949,56.0
236955,41.0
236959,35.0
236961,
236994,
237025,
237047,
237064,68.0
237070,29.0
237091,54.0
237132,26.0
237168,
237175,32.0
237240,
237242,32.0
237264,35.0
237271,
237275,69.0
237299,
237310,74.0
237313,51.0
237381,
237397,
237407,25.0
237411,
237426,32.0
237429,46.0
237433,
237434,
237474,24.0
237477,32.0
237486,
237534,47.0
237536,
237577,19.0
237612,30.0
237646,56.0
237715,28.0
237748,27.0
237773,32.0
237805,67.0
237856,
237866,51.0
237898,
237912,46.0
237917,38.0
237990,
238008,36.0
238010,29.0
238057,
238065,27.0
238079,
238120,25.0
238131,47.0
238177,28.0
238179,
238186,36.0
238222,28.0
238231,17.0
238235,33.0
238246,
238319,34.0
238321,32.0
238339,
238350,49.0
238400,50.0
238419,
238456,
238461,
238472,52.0
238475,34.0
238489,28.0
238526,
238540,32.0
238541,
238545,
238557,21.0
238568,66.0
238607,24.0
238613,37.0
238617,44.0
238625,41.0
238630,21.0
238639,22.0
238644,16.0
238652,41.0
238699,
238731,
238735,22.0
238739,26.0
238757,45.0
238773,43.0
238779,46.0
238781,51.0
238788,21.0
238836,36.0
238849,40.0
238864,32.0
238889,33.0
238890,30.0
238961,18.0
239000,25.0
239004,
239020,55.0
239033,27.0
239063,
239067,
239070,47.0
239074,38.0
239141,60.0
239147,
239161,
239220,
239241,
239279,
239310,
239374,
239407,57.0
239413,28.0
239423,49.0
239449,14.0
239460,26.0
239467,23.0
239468,26.0
239481,
239486,25.0
239488,36.0
239535,
239546,19.0
239551,31.0
239554,37.0
239569,22.0
239584,
239594,28.0
239609,42.0
239623,42.0
239626,52.0
239630,24.0
239670,31.0
239688,26.0
239692,24.0
239708,51.0
239718,
239736,20.0
239740,
239747,30.0
239748,46.0
239788,33.0
239801,
239808,
239834,43.0
239879,67.0
240024,40.0
240035,
240051,32.0
240098,26.0
240107,60.0
240111,51.0
240113,
240131,26.0
240144,34.0
240155,40.0
240177,
240205,28.0
240219,38.0
240224,52.0
240225,46.0
240235,21.0
240236,28.0
240258,
240267,
240272,26.0
240280,36.0
240283,8.0
240318,33.0
240330,41.0
240333,33.0
240348,30.0
240370,
240375,34.0
240394,25.0
240401,64.0
240403,49.0
240440,30.0
240484,56.0
240490,
240495,46.0
240541,40.0
240567,33.0
240568,34.0
240601,52.0
240609,60.0
240643,
240663,24.0
240670,52.0
240677,56.0
240700,15.0
240704,40.0
240710,
240745,74.0
240756,41.0
240789,29.0
240811,23.0
240829,23.0
240883,
240888,34.0
240897,39.0
240906,
240918,54.0
240932,
241033,26.0
241042,
241048,
241080,
241086,28.0
241100,17.0
241146,
241198,
241204,23.0
241214,
241239,36.0
241265,32.0
241305,20.0
241306,32.0
241332,
241344,23.0
241357,
241367,38.0
241401,
241405,
241414,23.0
241432,23.0
241441,53.0
241491,
241495,31.0
241513,
241523,18.0
241527,
241531,67.0
241537,29.0
241548,44.0
241565,64.0
241569,
241592,37.0
241597,
241614,20.0
241628,
241646,40.0
241666,35.0
241749,
241791,27.0
241799,41.0
241802,17.0
241861,55.0
241874,52.0
241885,
241901,53.0
241933,
241949,41.0
241952,54.0
241980,35.0
241992,
242006,30.0
242007,
242037,
242073,28.0
242083,24.0
242097,58.0
242103,26.0
242106,28.0
242113,
242118,46.0
242143,
242157,34.0
242214,
242216,39.0
242219,
242233,57.0
242245,41.0
242247,42.0
242248,29.0
242249,
242269,
242299,25.0
242309,17.0
242310,26.0
242317,30.0
242319,
242361,
242409,23.0
242445,24.0
242458,47.0
242465,36.0
242477,
242485,43.0
242499,
242515,28.0
242528,44.0
242544,30.0
242637,26.0
242639,17.0
242640,23.0
242642,57.0
242646,
242708,8.0
242752,24.0
242763,25.0
242775,
242781,38.0
242790,
242794,32.0
242815,
242824,21.0
242828,
242830,
242843,43.0
242849,33.0
242878,37.0
242891,84.0
242914,43.0
242962,26.0
242999,
243004,14.0
243058,
243065,
243075,13.0
243077,34.0
243088,15.0
243142,51.0
243200,
243210,34.0
243213,
243236,50.0
243290,
243294,25.0
243312,36.0
243328,33.0
243360,
243363,37.0
243429,48.0
243448,62.0
243449,37.0
243471,47.0
243491,43.0
243546,
243563,57.0
243584,
243585,56.0
243607,28.0
243651,
243700,
243720,
243745,38.0
243759,51.0
243781,
243785,31.0
243814,41.0
243863,50.0
243876,31.0
243879,32.0
243891,
243917,48.0
243929,63.0
243930,43.0
243942,
243951,56.0
243964,
243966,18.0
243984,40.0
243996,
244007,27.0
244020,46.0
244039,
244056,
244070,47.0
244092,
244097,50.0
244139,32.0
244148,40.0
244171,51.0
244172,57.0
244189,35.0
244277,44.0
244286,22.0
244309,50.0
244349,40.0
244359,17.0
244385,
244400,55.0
244418,19.0
244420,
244421,46.0
244452,61.0
244453,
244455,
244456,
244471,
244484,42.0
244485,30.0
244493,
244494,33.0
244517,30.0
244572,
244588,45.0
244593,33.0
244622,
244627,32.0
244641,
244657,32.0
244662,29.0
244676,24.0
244685,
244688,26.0
244708,
244710,30.0
244727,29.0
244736,23.0
244742,18.0
244761,
244779,23.0
244781,32.0
244790,19.0
244814,26.0
244873,34.0
244874,29.0
244879,48.0
244881,22.0
244915,49.0
244923,47.0
244925,
244955,
244964,32.0
244993,27.0
244994,
244995,30.0
244998,36.0
245007,21.0
245029,31.0
245079,31.0
245088,27.0
245102,21.0
245128,23.0
245150,
245157,53.0
245188,55.0
245194,33.0
245203,
245215,44.0
245224,36.0
245231,
245257,32.0
245281,34.0
245287,29.0
245295,24.0
245311,
245312,51.0
245328,26.0
245346,24.0
245352,
245362,
245371,26.0
245373,29.0
245410,28.0
245446,24.0
245534,
245541,
245568,
245578,49.0
245604,43.0
245616,28.0
245645,
245649,27.0
245650,
245655,36.0
245660,33.0
245703,25.0
245740,42.0
245750,
245765,
245782,35.0
245814,49.0
245827,
245828,41.0
245839,
245851,31.0
245864,46.0
245925,57.0
245963,
245976,
245978,28.0
246000,20.0
246024,21.0
246036,45.0
246088,67.0
246104,31.0
246156,32.0
246164,76.0
246175,35.0
246193,30.0
246196,24.0
246216,
246230,52.0
246246,
246247,29.0
246268,
246304,25.0
246311,35.0
246313,60.0
246328,
246333,31.0
246388,26.0
246395,40.0
246411,32.0
246427,34.0
246437,37.0
246439,60.0
246447,
246448,
246470,31.0
246483,
246495,
246507,35.0
246512,22.0
246513,23.0
246528,31.0
246617,27.0
246621,58.0
246634,
246655,
246671,27.0
246678,33.0
246722,45.0
246740,46.0
246759,23.0
246766,
246776,21.0
246798,34.0
246820,39.0
246846,31.0
246863,24.0
246915,
246933,67.0
246959,49.0
247010,34.0
247055,25.0
247060,
247099,58.0
247129,26.0
247141,
247166,
247176,33.0
247201,
247211,54.0
247238,
247240,31.0
247241,37.0
247278,51.0
247301,
247423,
247429,39.0
247444,32.0
247447,19.0
247495,35.0
247518,52.0
247521,25.0
247537,
247583,28.0
247626,35.0
247664,
247725,
247751,
247752,30.0
247790,29.0
247795,38.0
247825,19.0
247829,48.0
247840,
247852,
247855,
247868,31.0
247870,40.0
247890,49.0
247897,55.0
247916,
247918,
247927,
247958,44.0
247966,46.0
247978,30.0
247998,52.0
248003,
248064,29.0
248098,38.0
248131,36.0
248138,
248168,
248209,50.0
248221,62.0
248250,58.0
248259,
248274,17.0
248280,
248312,45.0
248373,
248383,
248397,36.0
248464,30.0
248468,44.0
248477,17.0
248479,27.0
248492,14.0
248496,
248531,47.0
248539,
248540,50.0
248547,50.0
248570,
248597,
248613,36.0
248615,42.0
248656,34.0
248669,51.0
248704,16.0
248718,43.0
248727,
248749,39.0
248752,25.0
248775,27.0
248805,34.0
248810,
248815,14.0
248821,
248850,48.0
248901,
248922,
248965,36.0
249048,
249058,38.0
249064,43.0
249096,33.0
249103,47.0
249111,
249128,36.0
249140,46.0
249146,41.0
249150,42.0
249163,20.0
249187,62.0
249210,45.0
249220,31.0
249223,
249246,48.0
249294,
249305,54.0
249353,
249359,
249361,37.0
249384,28.0
249401,76.0
249405,24.0
249407,22.0
249480,31.0
249496,56.0
249536,33.0
249541,
249598,25.0
249620,33.0
249628,51.0
249632,
249634,66.0
249650,65.0
249688,
249695,35.0
249723,32.0
249732,
249736,41.0
249746,46.0
249791,38.0
249848,
249862,
249894,
249924,38.0
249939,31.0
249953,
249958,12.0
249989,
250006,36.0
250015,31.0
250016,17.0
250018,
250061,14.0
250078,24.0
250080,50.0
250101,61.0
250105,
250163,17.0
250184,
250192,25.0
250196,60.0
250219,20.0
250223,49.0
250300,
250301,21.0
250303,40.0
250322,
250330,
250333,62.0
250341,37.0
250342,29.0
250353,18.0
250359,23.0
250367,
250368,
250383,
250391,
250398,50.0
250405,55.0
250406,34.0
250407,
250413,
250454,
250456,52.0
250459,
250461,32.0
250477,35.0
250494,20.0
250506,
250510,
250533,
250543,43.0
250645,22.0
250674,31.0
250683,41.0
250695,
250705,
250709,
250725,68.0
250733,
250750,44.0
250764,
250832,19.0
250851,21.0
250884,
250899,
250925,33.0
250935,
250936,36.0
250939,
250948,28.0
250962,24.0
250979,35.0
250984,37.0
250987,30.0
250989,48.0
251003,37.0
251019,52.0
251036,15.0
251050,25.0
251069,14.0
251093,23.0
251097,19.0
251122,
251140,25.0
251146,
251149,50.0
251150,
251152,32.0
251157,
251164,59.0
251170,39.0
251199,17.0
251223,62.0
251242,28.0
251243,20.0
251263,32.0
251325,26.0
251327,37.0
251339,46.0
251352,
251362,25.0
251377,
251391,30.0
251394,25.0
251398,25.0
251400,
251422,23.0
251423,
251442,27.0
251449,19.0
251467,8.0
251483,54.0
251495,54.0
251499,25.0
251506,46.0
251518,
251527,41.0
251560,48.0
251572,20.0
251575,28.0
251580,39.0
251606,
251613,34.0
251637,46.0
251642,57.0
251721,57.0
251730,37.0
251739,
251744,
251754,39.0
251791,
251811,31.0
251843,
251844,30.0
251851,43.0
251890,52.0
252007,35.0
252071,32.0
252126,
252211,
252222,21.0
252233,22.0
252268,53.0
252279,20.0
252282,42.0
252287,58.0
252292,32.0
252343,
252347,52.0
252351,48.0
252356,
252383,60.0
252409,
252418,54.0
252454,38.0
252491,29.0
252510,
252542,29.0
252560,18.0
252573,
252598,22.0
252601,49.0
252627,
252628,
252642,27.0
252654,
252676,34.0
252695,
252698,30.0
252719,19.0
252721,15.0
252775,24.0
252783,34.0
252785,34.0
252806,37.0
252820,33.0
252827,36.0
252829,18.0
252843,
252846,16.0
252848,32.0
252865,30.0
252903,21.0
252909,
252953,23.0
253005,43.0
253106,45.0
253226,25.0
253228,
253271,48.0
253310,38.0
253311,43.0
253322,
253375,40.0
253386,46.0
253403,29.0
253482,24.0
253517,14.0
253556,31.0
253563,33.0
253580,52.0
253602,28.0
253626,23.0
253629,
253657,
253667,
253668,21.0
253714,31.0
253736,
253771,49.0
253773,28.0
253780,25.0
253797,40.0
253821,
253829,32.0
253852,27.0
253855,29.0
253867,
253871,26.0
253949,33.0
253964,
254038,32.0
254053,27.0
254064,45.0
254130,38.0
254144,23.0
254159,39.0
254160,33.0
254196,
254201,25.0
254206,31.0
254224,
254235,
254241,35.0
254278,
254289,
254299,55.0
254355,32.0
254370,32.0
254376,
254377,50.0
254405,33.0
254417,36.0
254443,44.0
254450,33.0
254465,22.0
254467,29.0
254481,25.0
254486,45.0
254502,41.0
254528,
254539,26.0
254543,57.0
254547,
254628,66.0
254676,
254690,33.0
254707,42.0
254716,19.0
254751,52.0
254754,28.0
254777,67.0
254822,
254859,
254863,39.0
254867,43.0
254899,54.0
254971,53.0
254995,39.0
254999,
255019,
255078,49.0
255092,
255099,22.0
255161,25.0
255218,46.0
255267,
255275,58.0
255289,46.0
255305,56.0
255372,
255489,
255493,20.0
255526,48.0
255544,
255546,42.0
255550,15.0
255582,
255618,30.0
255625,53.0
255648,44.0
255655,37.0
255661,34.0
255719,30.0
255728,19.0
255775,29.0
255786,36.0
255814,29.0
255837,27.0
255846,21.0
255858,23.0
255936,
255979,30.0
256023,
256072,
256110,43.0
256133,52.0
256167,14.0
256202,
256214,
256224,25.0
256247,35.0
256251,
256264,33.0
256270,42.0
256298,39.0
256392,
256402,34.0
256407,58.0
256440,
256507,26.0
256575,21.0
256578,
256603,25.0
256630,
256633,
256713,49.0
256729,29.0
256731,54.0
256732,
256820,34.0
256843,40.0
256844,36.0
256852,
256864,
256874,45.0
256882,
256889,18.0
256915,
256925,32.0
256927,24.0
256948,
256983,
257012,21.0
257024,38.0
257025,26.0
257028,31.0
257030,37.0
257031,29.0
257044,50.0
257059,52.0
257103,
257145,45.0
257161,37.0
257197,
257198,34.0
257204,32.0
257212,27.0
257262,27.0
257312,
257327,39.0
257362,57.0
257368,30.0
257390,
257450,
257454,61.0
257483,54.0
257492,
257493,25.0
257495,23.0
257498,24.0
257512,35.0
257528,35.0
257534,34.0
257548,
257591,39.0
257605,29.0
257625,22.0
257651,
257655,35.0
257676,27.0
257699,35.0
257700,22.0
257703,
257707,34.0
257777,
257784,33.0
257791,17.0
257804,26.0
257809,51.0
257820,10.0
257913,30.0
257931,26.0
257962,
257969,
258011,29.0
258084,47.0
258107,28.0
258109,37.0
258121,25.0
258151,
258152,29.0
258160,23.0
258185,37.0
258235,48.0
258240,41.0
258270,
258275,37.0
258280,30.0
258329,26.0
258334,31.0
258348,39.0
258352,
258370,
258383,
258425,
258459,
258460,
258482,
258520,36.0
258534,32.0
258550,38.0
258553,
258588,55.0
258614,
258622,28.0
258673,38.0
258690,
258717,18.0
258777,57.0
258786,
258795,27.0
258879,
258884,
258913,25.0
258938,27.0
258953,29.0
259004,28.0
259006,28.0
259028,
259035,38.0
259057,15.0
259064,32.0
259066,56.0
259078,49.0
259114,55.0
259118,34.0
259155,25.0
259223,
259234,
259249,
259258,32.0
259259,30.0
259260,56.0
259264,45.0
259265,
259279,26.0
259286,
259305,
259312,
259316,31.0
259320,41.0
259371,22.0
259378,46.0
259379,
259380,
259388,
259400,
259430,24.0
259447,29.0
259479,43.0
259542,
259543,
259565,
259622,
259624,44.0
259625,
259626,
259628,
259629,51.0
259660,21.0
259669,69.0
259734,29.0
259745,
259764,28.0
259768,31.0
259829,44.0
259898,16.0
259901,
259930,25.0
260067,32.0
260099,34.0
260108,
260183,25.0
260202,
260217,45.0
260316,
260324,31.0
260332,55.0
260363,31.0
260388,23.0
260406,28.0
260419,32.0
260447,46.0
260473,27.0
260484,55.0
260498,
260520,
260531,59.0
260590,25.0
260609,
260655,23.0
260662,
260678,39.0
260699,42.0
260735,49.0
260771,63.0
260840,35.0
260875,34.0
260897,25.0
260936,
260944,
260959,24.0
260961,55.0
260967,
261015,42.0
261037,
261093,35.0
261105,50.0
261120,70.0
261185,27.0
261208,55.0
261219,38.0
261237,22.0
261291,
261314,
261327,24.0
261402,38.0
261430,
261460,
261528,24.0
261567,25.0
261578,
261590,29.0
261603,27.0
261611,
261685,43.0
261695,41.0
261749,
261768,12.0
261780,52.0
261825,27.0
261829,32.0
261862,35.0
261886,
261888,
261920,
261956,32.0
261973,35.0
261998,28.0
262014,56.0
262040,41.0
262051,
262070,28.0
262118,25.0
