,ISBN,Title,Author,Year,Publisher,synopsis,subjects,genres,language,pages,binding,image_url,overview,similarity_score,read
9705,019282760X,Pride and Prejudice (World's Classics),Jane Austen,1990,Oxford University Press,"When Elizabeth Bennet first meets eligible bachelor Fitzwilliam Darcy, she thinks him arrogant and conceited; he is indifferent to her good looks and lively mind. When she later discovers that Darcy has involved himself in the troubled relationship between his friend Bingley and her beloved sister Jane, she is determined to dislike him more than ever. Jane Austen shows the folly of judging by first impressions and evokes the friendships, gossip and snobberies of provincial middle-class life.","BRITISH AND IRISH FICTION (FICTIONAL WORKS BY ONE AUTHOR), ENGLAND_FICTION, BENNET, ELIZABETH (FICTITIOUS CHARACTER)_FICTION, YOUNG WOMEN_FICTION, DARCY, FITZWILLIAM (FICTITIOUS CHARACTER)_FICTION, SISTERS_FICTION","BRITISH AND IRISH FICTION (FICTIONAL WORKS BY ONE AUTHOR), ENGLAND_FICTION, BENNET, ELIZABETH (FICTITIOUS CHARACTER)_FICTION",en,351.0,Paperback,https://images.isbndb.com/covers/17533853482256.jpg,,0.90096354,True
11123,0192833553,Pride and Prejudice (Oxford World's Classics),Jane Austen,1998,Oxford University Press,"From its opening sentence, Jane Austen's most famous novel envelops us in the delightful world of the Bennets. The ill-matched Mr. and Mrs. Bennet, Charles Bingley and his sisters, and the fatuous Mr. Collins provide fine examples of Austen's artistry, and while entertaining, this novel is also a lesson on the follies of ""pride"" and ""prejudice.""","BRITISH AND IRISH FICTION (FICTIONAL WORKS BY ONE AUTHOR), BENNET, ELIZABETH (FICTITIOUS CHARACTER)_FICTION, ENGLAND_FICTION, DARCY, FITZWILLIAM (FICTITIOUS CHARACTER)_FICTION, SISTERS_FICTION","BRITISH AND IRISH FICTION (FICTIONAL WORKS BY ONE AUTHOR), BENNET, ELIZABETH (FICTITIOUS CHARACTER)_FICTION, ENGLAND_FICTION",en,410.0,Paperback,https://images.isbndb.com/covers/17593323482256.jpg,,0.8274216,False
6241,0451525884,Pride and Prejudice,Jane Austen,1996,Signet Book,"'I must confess that I think her as delightful a creature as ever appeared in print,' Jane Austen declared of her heroine in Pride and Prejudice.Few readers have failed to be charmed by the witty and independent spirit of Elizabeth Bennet. Her early determination to dislike Mr Darcy-who is quite the most handsome and eligible bachelor in the whole of English literature-is a misjudgement only matched in folly by Darcy's arrogant pride. Their first impressions give way to truer feelings in a comedy profoundly concerned with happiness and how it might be achieved.Vivien Jones, in her new introduction to this Penguin Classics edition, shows how their romance is inseparable from the important social and political debates of Austen's time, and describes Pride and Prejudice as 'One of the most perfect, most pleasurable and most subtle-and therefore, perhaps, most dangerously persuasive-of romantic love stories.'","Fiction, Classics, Literary","Fiction, Classics, Literary",en,324.0,Paperback,https://images.isbndb.com/covers/20623963482348.jpg,,0.81194377,False
84,0486284735,Pride and Prejudice (Dover Thrift Editions),Jane Austen,1995,Dover Publications,"Elizabeth Bennet, the second eldest of five daughters whom Mrs. Bennet is anxious to dispose of in marriage, is the most intelligent and delightful of all Jane Austen's heroines. Her vitality, vivacity and wit, her hasty dismissal of superior Mr. Darcy-- the most disagreeable man in the world'--how he improves his manners and she changes her mind, are the central ingredients of &quot;Pride and Prejudice. It is Jane Austen's best-loved novel and through the depth and sparkle of its comedy we are encouraged to consider what balance of energy and order, playfulness and regulation constitutes real strength of character.","Fiction, Classics, Romance, Historical","Fiction, Classics, Romance",en,262.0,Paperback,https://images.isbndb.com/covers/3097173482361.jpg,,0.8109052,False
7197,0141439513,Pride and Prejudice (Penguin Classics),Jane Austen,2003,Penguin Books,"Of all Jane Austen's books, Pride and Prejudice has earned a special place in the hearts of the reading public as her best-loved and most intimately known novel. From its famous opening sentence the story of the Bennet family and of the novel's two protagonists, Elizabeth and Darcy, told with a wit that its author feared might prove 'rather too light and bright, and sparkling', delights its most familiar readers as thoroughly as it does those who encounter it for the first time. Jane Austen's artistry is apparent, too, in the delineation of the minor characters: the ill-matched Mr. and Mrs. Bennet, Charles Bingley and his sisters, and above all the fatuous Mr. Collins, whose proposal to Elizabeth Bennet is one of the finest comic passages in English literature. And while she entertains us, Jane Austen teaches us the wisdom of balance, the folly of 'pride' and 'prejudice'.","Literature & Fiction, Classics, Women's Fiction, Romance, Historical, Regency, Arborist Merchandising Root, Self Service","Literature & Fiction, Classics, Women's Fiction",en,392.0,Paperback,https://images.isbndb.com/covers/9197163482238.jpg,,0.79900527,False
3270,0140373373,Pride and Prejudice (Puffin Classics),Jane Austen,1995,Puffin Books,"Mr and Mrs Bennet live with their five daughters. Jane, the eldest daughter, falls in love with Charles Bingley, a rich batchelor who takes a house nearby with his two sisters and friend, Fitzwilliam Darcy. Darcy is attracted to the second daugher, Elizabeth, but a bad account of him is given to Elizabeth. He and Bingley's effect the separation of Bingley and Jane. William Collins, cousin to the sisters and as only male, heir to the Bennet estate, proposes to Elizabeth but is rejected. Darcy proposes to Elizabeth but she refuses. When Elizabeth travels north she is invited with friends to Darcy's place in Berbyshire, and thinking Darcy is absent she goes. However, he is there and she is surprised by his much-improved manners. She hears news that her sister Lydia has eloped with Wickham, an unprincipled adventurer. With Darcy's help the fugitives are found. The attachment between Bingley and Jane is renewed and leads to an engagement. In spite of the insolent intervention of Lady Catherine, Darcy and Elizabeth become engaged.","Juvenile Fiction, Classics, Girls & Women, Historical, Love & Romance, People & Places, Europe","Juvenile Fiction, Classics, Girls & Women",en,378.0,Paperback,https://images.isbndb.com/covers/26621473482237.jpg,,0.79619735,False
4924,0451523652,Pride and Prejudice,Jane Austen,1988,New Amer Library Classics,"""Pride and Prejudice is a novel of manners by Jane Austen, first published in 1813. The story follows the main character, Elizabeth Bennet, as she deals with issues of manners, upbringing, morality, education, and marriage in the society of the landed gentry of the British Regency. Elizabeth is the second of five daughters of a country gentleman living near the fictional town of Meryton in Hertfordshire, near London. Page 2 of a letter from Jane Austen to her sister Cassandra (11 June 1799) in which she first mentions Pride and Prejudice, using its working title First Impressions. (NLA) Set in England in the early 19th century, Pride and Prejudice tells the story of Mr and Mrs Bennet's five unmarried daughters after the rich and eligible Mr Bingley and his status-conscious friend, Mr Darcy, have moved into their neighbourhood. While Bingley takes an immediate liking to the eldest Bennet daughter, Jane, Darcy has difficulty adapting to local society and repeatedly clashes with the second-eldest Bennet daughter, Elizabeth. Pride and Prejudice retains a fascination for modern readers, continuing near the top of lists of ""most loved books."" It has become one of the most popular novels in English literature, selling over 20 million copies, and receives considerable attention from literary scholars. Modern interest in the book has resulted in a number of dramatic adaptations and an abundance of novels and stories imitating Austen's memorable characters or themes.""--Amazon.","Fiction, Literary, Women, Family Life, Siblings","Fiction, Literary, Women",en,336.0,Mass Market Paperback,https://images.isbndb.com/covers/20601633482348.jpg,,0.7725272,False
2807,0553213105,Pride and Prejudice,Jane Austen,1981,Bantam,"<b>Nominated as one of America’s best-loved novels by PBS’s <i>The Great American Read</i></b><br><br>“It is a truth universally acknowledged, that a single man in possession of a good fortune must be in want of a wife.” So begins <i>Pride and Prejudice, </i>Jane Austen’s witty comedy of manners—one of the most popular novels of all time—that features splendidly civilized sparring between the proud Mr. Darcy and the prejudiced Elizabeth Bennet as they play out their spirited courtship in a series of eighteenth-century drawing-room intrigues. Renowned literary critic and historian George Saintsbury in 1894 declared it the “most perfect, the most characteristic, the most eminently quintessential of its author’s works,” and Eudora Welty in the twentieth century described it as “irresistible and as nearly flawless as any fiction could be.”","Fiction, Classics, Literary, Romance, Historical, Victorian","Fiction, Classics, Literary",en,352.0,Mass Market Paperback,https://images.isbndb.com/covers/26407663482384.jpg,,0.77251947,False
3290,0140430725,"Pride and Prejudice (The Penguin English Library, El 72)",Jane Austen,1985,Penguin Books,"Author, Jane Austen and James Kin and Publisher, Penguin Classics","BENNET, ELIZABETH (FICTITIOUS CHARACTER)_FICTION, ENGLAND_FICTION, BRITISH AND IRISH FICTION (FICTIONAL WORKS BY ONE AUTHOR), DARCY, FITZWILLIAM (FICTITIOUS CHARACTER)_FICTION, SISTERS_FICTION, YOUNG WOMEN_FICTION","BENNET, ELIZABETH (FICTITIOUS CHARACTER)_FICTION, ENGLAND_FICTION, BRITISH AND IRISH FICTION (FICTIONAL WORKS BY ONE AUTHOR)",en,378.0,Mass Market Paperback,https://images.isbndb.com/covers/27194983482237.jpg,,0.7696872,False
3023,1853260002,Pride & Prejudice (Wordsworth Classics),Jane Austen,1997,NTC/Contemporary Publishing Company,"CLASSIC FICTION (PRE C 1945). It's hard to believe that jane austen wrote the sophisticated and acerbic pride and prejudice when she was only 21 years old, in 1797. Originally entitled first impressions, the novel was rejected, revised, retitled, and finally published--anonymously--in 1813, only four years before austen's untimely death. In pride and prejudice, austen calls on her sharp observations of vanity, venality, pomposity, and downright nuttiness in a story about a respectable but far from wealthy family full of daughters--girls who desperately need to find husbands if they are to have any kind of economic security. The eldest of the bennett family, elizabeth, is a bright, opinionated, and complacent young woman whose reaction to an offer of marriage from her wealthy but impossibly arrogant suitor, fitzwilliam darcy, is revulsion.","Fiction, Classics, Literary, Family Life, Siblings","Fiction, Classics, Literary",en,376.0,Paperback,https://images.isbndb.com/covers/23155883482847.jpg,,0.7626401,False
7409,0192827618,Sense and Sensibility (World's Classics),Jane Austen,1990,Oxford University Press,"Austen's first published novel centers on the experiences of two dissimilar sisters who undergo comparable experiences in the loss of the men they love. With a cast of characters satirically drawn, Sense and Sensibility remains a classic example of Austen's skill.","BRITISH AND IRISH FICTION (FICTIONAL WORKS BY ONE AUTHOR), ENGLAND_FICTION, SISTERS_FICTION","BRITISH AND IRISH FICTION (FICTIONAL WORKS BY ONE AUTHOR), ENGLAND_FICTION, SISTERS_FICTION",en,400.0,Paperback,https://images.isbndb.com/covers/17533923482256.jpg,,0.7588826,False
7559,1853260282,Emma (Wordsworth Classics),Jane Austen,1997,NTC/Contemporary Publishing Company,"<p>With an Introduction and Notes by Dr Nicola Bradbury, University of Reading.</p> <p>Jane Austen teased readers with the idea of a 'heroine whom no one but myself will much like', but Emma is irresistible. 'Handsome, clever, and rich', Emma is also an 'imaginist', 'on fire with speculation and foresight'. She sees the signs of romance all around her, but thinks she will never be married.</p> <p>Her matchmaking maps out relationships that Jane Austen ironically tweaks into a clearer perspective. Judgement and imagination are matched in games the reader too can enjoy, and the end is a triumph of understanding.</p>","Fiction, Classics, Literary, Women","Fiction, Classics, Literary",en,358.0,Paperback,https://images.isbndb.com/covers/23158723482847.jpg,,0.7566589,False
367,0140620427,Sense and Sensibility (Penguin Popular Classics),Jane Austen,1994,Penguin Books Ltd,"Jane Austen's first charming novel. Marianne and Elinor Dashwood couldn't be more different. Marianne wears her heart on her sleeve, and when she falls in love with the dashing but unsuitable John Willoughby she ignores Elinor's warning that her impulsive behaviour leaves her open to gossip and innuendo. Meanwhile Elinor, always sensitive to social convention, is struggling to conceal her own romantic disappointment, even from those closest to her. Through their parallel experience of love - and its threatened loss - the sisters learn that sense must mix with sensibility if they are to find personal happiness in a society where status and money govern the rules of love.","Literature & Fiction, Classics, Genre Fiction, Historical, Romance, Regency","Literature & Fiction, Classics, Genre Fiction",en,373.0,Paperback,https://images.isbndb.com/covers/1006273482238.jpg,,0.7537508,False
13209,1853260169,Sense and Sensibility (Wordsworth Classics),Jane Austen,1997,NTC/Contemporary Publishing Company,"<i><p>Introduction and Notes by Professor Stephen Arkin, San Francisco University.</p></i> <i><p>'Young women who have no economic or political power must attend to the serious business of contriving material security'. Jane Austen's sardonic humour lays bare the stratagems, the hypocrisy and the poignancy inherent in the struggle of two very different sisters to achieve respectability.</p></i> <i><p>Sense and Sensibility is a delightful comedy of manners in which the sisters Elinor and Marianne represent these two qualities. Elinor's character is one of Augustan detachment, while Marianne, a fervent disciple of the Romantic Age, learns to curb her passionate nature in the interests of survival.</p></i> <i><p>This book, the first of Austen's novels to be published, remains as fresh a cautionary tale today as it ever was.</p></i>","Fiction, Classics, Literary, Family Life, Siblings","Fiction, Classics, Literary",en,373.0,Paperback,https://images.isbndb.com/covers/23157493482847.jpg,,0.7431352,False
12729,0486295559,Persuasion (Dover Thrift Editions),Jane Austen,1997,Dover Publications,"<p>First published in 1818, <i>Persuasion</i> was Jane Austen's last work. Its mellow character and autumnal tone have long made it a favorite with Austen readers. Set in Somersetshire and Bath, the novel revolves around the lives and love affair of Sir Walter Elliot, his daughters Elizabeth, Anne, and Mary, and various in-laws, friends, suitors, and other characters, In Anne Elliot, the author created perhaps her sweetest, most appealing heroine.<br>At the center of the novel is Anne's thwarted romance with Captain Frederick Wentworth, a navy man Anne met and fell in love with when she was 19. At the time, Wentworth was deemed an unsuitable match and Anne was forced to break off the relationship. Eight years later, however, they meet again. By this time Captain Wentworth has made his fortune in the navy and is an attractive ""catch."" However, Anne is now uncertain about his feelings for her. But after various twists and turns of fortune, the novel ends on a happy note.<br>In <i>Persuasion</i>, as in such novels as <i>Sense and Sensibility</i>, <i>Pride and Prejudice</i>, and <i>Emma</i>, Austen limned the plight of young women who could escape the constraints of family life only by marrying, and suggest the foolishness of women who believed they were free and not dependent on the financial and social resources of men. At the same time, <i>Persuasion</i> offers an ironic and subtle paean to the true love that enables one woman to rise above straitened economic circumstances and the stifling social conventions that restricted women to narrowly circumscribed lives in the common sitting room.<br>Sure to appeal to admirers of Jane Austen, <i>Persuasion</i> will delight any reader with its finely drawn characters, gentle satire, and charming re-creation of the genteel world of the 19th-century English countryside.","Fiction, Classics, World Literature, England, 19th Century, Romance, Women","Fiction, Classics, World Literature",en,192.0,Paperback,https://images.isbndb.com/covers/3205393482361.jpg,,0.7412993,False
7777,0192833588,Sense and Sensibility (Oxford World's Classics),Jane Austen,1998,Oxford University Press,"Jane Austen's first published novel, Sense and Sensibility is a wonderfully entertaining tale of flirtation and folly that revolves around two starkly different sisters, Elinor and Marianne Dashwood. While Elinor is thoughtful, considerate, and calm, her younger sister is emotional and wildly romantic. Both are looking for a husband, but neither Elinor's reason nor Marianne's passion can lead them to perfect happiness-as Marianne falls for an unscrupulous rascal and Elinor becomes attached to a man who's already engaged.&&& Startling secrets, unexpected twists, and heartless betrayals interrupt the marriage games that follow. Filled with satiric wit and subtle characterizations, Sense and Sensibility teaches that true love requires a balance of reason and emotion.","Fiction, Classics, Literary, Family Life, Siblings, Literary Criticism","Fiction, Classics, Literary",en,343.0,Paperback,https://images.isbndb.com/covers/17593633482256.jpg,,0.73867345,False
3269,0760700435,Sense and sensibility,Jane Austen,1996,Barnes & Noble,"Jane Austen's first published novel, Sense and Sensibility is a wonderfully entertaining tale of flirtation and folly that revolves around two starkly different sisters, Elinor and Marianne Dashwood. While Elinor is thoughtful, considerate, and calm, her younger sister is emotional and wildly romantic. Both are looking for a husband, but neither Elinor's reason nor Marianne's passion can lead them to perfect happiness-as Marianne falls for an unscrupulous rascal and Elinor becomes attached to a man who's already engaged.&&& Startling secrets, unexpected twists, and heartless betrayals interrupt the marriage games that follow. Filled with satiric wit and subtle characterizations, Sense and Sensibility teaches that true love requires a balance of reason and emotion.","Fiction, Literary, Family Life, Siblings","Fiction, Literary, Family Life",en,356.0,Hardcover,https://images.isbndb.com/covers/22932513482458.jpg,,0.72954404,False
5672,0553584898,Almost a Princess,ELIZABETH THORNTON,2003,Bantam,"From nationally bestselling author Elizabeth Thornton comes a sensuous new tale of true love and fiery romance—under the most intriguing of circumstances.<br> <b><br></b>Case Devere, the steely-eyed earl of Castleton, has agreed to help Special Branch track down a notorious killer—one who just happens to be his archenemy. But he finds more than he bargained for when his search leads him to Jane Mayberry, a beautiful bluestocking passionately devoted to the cause of women’s rights—and to protecting her privacy. As irresistible as she is uncooperative, the spirited Jane arouses Case’s interest—as well as his worst suspicions—when she quietly disappears. Determined to find the one woman who may hold the key to his investigation—and to his heart—Case goes after her.<br> <br> Though their sparring belies an attraction too powerful to deny, Jane knows there can never be anything between herself and the strong-willed earl. For she bears a dark and terrifying secret that must remain hidden—even at the cost of a broken heart. As Case fights for the love of the one woman who has ever mattered to him, they are swept into a deadly game by a killer who won’t stop until he has punished them both.","Fiction, Romance, Historical, Regency, Suspense, Action & Adventure","Fiction, Romance, Historical",en,367.0,Mass Market Paperback,https://images.isbndb.com/covers/2039843482385.jpg,,0.7290822,False
6190,0553213342,Sense and Sensibility (Bantam Classics),Jane Austen,1995,Bantam Books,"In 1811, Jane Austen’s first published work, <b>Sense and Sensibility</b><i>,</i> marked the debut of England’s premier novelist of manners. Believing that “3 or 4 families in a country village is the very thing to work on,” she created a brilliant tragicomedy of flirtation and folly. Romantic walks through lush Devonshire and genteel dinner parties at a stately manor draw two pretty sisters into the schemes and manipulations of landed gentry determined to marry wisely and well. Neither sense nor sensibility can guarantee happiness for either—as romantic Marianne falls prey to a dangerous rascal, and reasonable Elinor loses her heart to a gentleman already engaged. Wonderfully entertaining yet subtle and probing in its characterizations, <b>Sense and Sensibility</b> richly displays the supreme artistry of a great English novelist.","Fiction, Classics, Literary, Romance, Historical, Victorian","Fiction, Classics, Literary",en,352.0,Mass Market Paperback,https://images.isbndb.com/covers/26410123482384.jpg,,0.72494566,False
8301,0140434259,Sense and Sensibility,Jane Austen,1999,Penguin USA (Paper),"'Miss Dashwood had a delicate complexion, regular features, and a remarkably pretty figure. Marianne was still handsomer. Her form, though not so correct as her sister's ... was more striking' As the title of Jane Austen's first published novel suggests, the difference between two sisters, Elinor and Marianne Dashwood, lies not only in their appearance but also in their temperament. Yet Sense and Sensibility not only contrasts Elinor's good sense, her readiness to observe social forms and Marianne's impulsive candor, her warm but excessive sensibility; it also highlights their shared predicament in the face of a competitive marriage market. The sisters' parallel experience of love, and its threatened loss, causes both to readjust and question their own values. Jane Austen's satirical powers of observation and expression spare no one in this lively study of the constraints placed on gentry women in the eighteenth century. Ros Ballaster's introduction to this new Penguin Classics edition discusses Sense and Sensibility as domestic drama and as critique of the wider aesthetic, social and political concerns of Romanticism.","BRITISH AND IRISH FICTION (FICTIONAL WORKS BY ONE AUTHOR), ENGLAND_FICTION, SISTERS_FICTION","BRITISH AND IRISH FICTION (FICTIONAL WORKS BY ONE AUTHOR), ENGLAND_FICTION, SISTERS_FICTION",en,346.0,Paperback,https://images.isbndb.com/covers/27230323482237.jpg,,0.72315955,False
12268,1551664461,Third Sister,Julia Barrett,1998,Mira,"In Sense and Sensibility Jane Austen, that so long mistaken avatar of Victorian propriety while actually its wittiest and subtlest critic, wrote of Margaret Dashwood, the third sister: Margaret, the other sister, was a good-humored, well-disposed girl; but as she had already imbibed a good deal of Marianne's romance, without having much of her sense, she did not, at thirteen, bid fair to equal her sisters at a more advanced period of life. At the same time that she so faithfully, with love and respect, evokes Jane Austen's style and characters and ambience, Julia Barrett bids fair to show Margaret's creator happily wrong in her estimation of Margaret's at first vulnerable, then shrewd and winning potential, the exercise of which makes for the substance of this remarkable novel on its own. But of course, Jane Austen couldn't know of Margaret's metamorphosis. Or perhaps she did, and meant one day to say so herself. Whatever, The Third Sister is an imaginative, creative continuation of Sense and Sensibility, featuring a Margaret Dashwood, the third sister, once so underestimated, who turns out to fool even her creator.","Fiction, Historical, Romance","Fiction, Historical, Romance",en,297.0,Mass Market Paperback,https://images.isbndb.com/covers/12380003482740.jpg,,0.7208828,False
189,0515128554,Heart of the Sea (Irish Trilogy),Nora Roberts,2000,Jove Books,"<b>BOOK THREE OF THE GALLAGHERS OF ARDMORE TRILOGY<br><br>Walk with #1 <i>New York Times</i> bestselling author Nora Roberts in the shadow of an ancient tower and hear a story of dreams fulfilled and wishes come true…</b><br><br>Darcy Gallagher has always believed in the pull of fate, the magic of legend…and the importance of money. She longs to find a rich man who will sweep her away—into a world filled with glamour and adventure, and the exotic life that is her destiny…<br><br>A wealthy businessman with Irish blood, Trevor Magee has come to Ardmore to build a theater—and to uncover the secrets hidden in his family’s past. He thought he had given up on love long ago, but Darcy Gallagher tempts him like no woman ever has. She’s gorgeous and intelligent, and she knows what she wants—and he’s more than willing to give it to her. But as their mutual attraction flares into passion, they look into their hearts—and find out what happens when you truly believe.<br><br><b>Don't miss the other books in the Gallaghers of Ardmore trilogy<br><i>Jewels of the Sun</i><br><i>Tears of the Moon</i></b>","Fiction, Romance, Contemporary, Fantasy, Women","Fiction, Romance, Contemporary",en,400.0,Mass Market Paperback,https://images.isbndb.com/covers/10677413482371.jpg,,0.7161405,False
729,0451187903,Sense and Sensibility,Jane Austen,1995,Signet Book,"Published in 1811, Sense and Sensibility has delighted generations of readers with its masterfully crafted portrait of two sisters, Elinor and Marianne Dashwood. Forced to leave their home after their father's death, Elinor and Marianne must rely on making good marriages as their means of support. But unscrupulous cads, meddlesome matriarchs, and various guileless and artful women impinge on their chances for love and happiness. The novelist Elizabeth Bowen wrote, ""The technique of ÝJane Austen's novels ̈ is beyond praise....Her mastery of the art she chose, or that chose her, is complete."" This Modern Library Paperback Classics edition contains a new Introduction by Pulitzer Prize finalist David Gates, in addition to new explanatory notes.","Fiction, Literary, Media Tie-In, Family Life, Siblings","Fiction, Literary, Media Tie-In",en,317.0,Mass Market Paperback,https://images.isbndb.com/covers/17244093482348.jpg,,0.7145792,False
13820,0140430105,Emma (Penguin Classics),Jane Austen,1966,Penguin Books,"""Vital, interesting, complex and predisposed to play a power game with other people's emotions, Emma is none the less one of Jane Austen's immortal creations. Dominating the novel as she dominates the small provincial world of Highbury, her forays into the matchmaking arena bring her up sharply against the follies of her egotism and selfishness. The consequent crisis, her bitter regrets and the happy resolution are plaotted with Jane Austen's incomparable art in this sharp and gloriously sparkling comedy of self-deceit and self-discovery.""--Back of book.","Fiction, Classics, Literary, Women","Fiction, Classics, Literary",en,471.0,Paperback,https://images.isbndb.com/covers/27188803482237.jpg,,0.7121012,False
9326,1551665743,Mackenzie'S Mountain,Linda Howard,2000,Mira,"Mary Elizabeth Potter is a spinster with no illusions about love. But she is a good teacher and wants Wolf Mackenzie's son back in school. And after one heated confrontation, she knows father and son have changed her life forever. Still paying for a crime he didn't commit, Wolf Mackenzie has a chip on his shoulder. But Mary Elizabeth Potter doesn't see him as the dangerous half-breed the town has branded him. She sees him as a good, decent, honest man. A man she could love....","Fiction, Romance, Contemporary","Fiction, Romance, Contemporary",en,248.0,Mass Market Paperback,https://images.isbndb.com/covers/12392803482740.jpg,,0.70857525,False
2918,0140431020,Lady Susan ; The Watsons ; Sanditon (Penguin English Library),Jane Austen,1975,Penguin Books,"<p><b>A Penguin Classics edition of three lesser-known Austen works, including <i>Lady Susan</i>, the basis for Whit Stillman's feature film <i>Love and Friendship</i> starring Kate Beckinsale and Chloë Sevigny<br><br></b>These three short works show Austen experimenting with a variety of different literary styles, from melodrama to satire, and exploring a range of social classes and settings. The early epistolary novel <i>Lady Susan</i> depicts an unscrupulous coquette, toying with the affections of several men. In contrast,<i> The Watsons</i> is a delightful fragment, whose spirited heroine -­ Emma -­ finds her marriage opportunities limited by poverty and pride. Meanwhile <i>Sanditon,</i> set in a seaside resort, offers a glorious cast of hypochondriacs and spectators, treated by Austen with both amusement and scepticism.<br><br>For more than seventy years, Penguin has been the leading publisher of classic literature in the English-speaking world. With more than 1,700 titles, Penguin Classics represents a global bookshelf of the best works throughout history and across genres and disciplines. Readers trust the series to provide authoritative texts enhanced by introductions and notes by distinguished scholars and contemporary authors, as well as up-to-date translations by award-winning translators.</p>","Fiction, Classics, Short Stories (single author), Romance, Historical, Victorian","Fiction, Classics, Short Stories (single author)",en,240.0,Paperback,https://images.isbndb.com/covers/27198023482237.jpg,,0.70789117,False
5663,0553562746,Fanta C,Sandra Brown,1993,Fanfare,"<b>#1 <i>New York Times </i>bestselling author Sandra Brown has created a sensation with her contemporary novels. In <i>Fanta C</i> she has written a tender, funny, and deeply sensual story about a woman caught between the needs of her children, her career, and her own passionate heart.</b><br>  <br> Elizabeth Burke’s days are filled with the business of running an elegant boutique and caring for her two small children. But her nights are long and empty since the death of her husband two years ago, and she spends them dreaming of the love and romance that might have been. Then Thad Randolph steps into her life—a man right out of her intimate fantasies.<br>  <br> Elizabeth, who doesn’t believe in fairy tales and knows all too well that happy endings only happen in books, wishes she could convince herself that friendship is all she wants from Thad. But the day will come when she’ll finally have to make a choice—to remain forever true to her memories or to let go of the past and risk loving once more.<br>  <br> <b>“Ms. Brown’s larger-than-life heroes and heroines make you believe all the warm, wonderful, wild things in life.”—<i>Rendezvous</i></b>","Fiction, Romance, Contemporary, Women, Suspense","Fiction, Romance, Contemporary",en,256.0,Mass Market Paperback,https://images.isbndb.com/covers/1818283482385.jpg,,0.7045851,False
12263,0440226015,More than a Mistress,MARY BALOGH,2001,Dell,"<p><b>In this captivating novel, Mary Balogh, the premier writer of Regency romance, invites you into a world of scandal and seduction, of glittering high society and intrigue, as an arrogant duke does the unthinkable—he falls in love with his mistress.</b><br> <br>She races onto the green, desperate to stop a duel. In the melée, Jocelyn Dudley, Duke of Tresham, is shot. To his astonishment, Tresham finds himself hiring the servant as his nurse. Jane Ingleby is far too bold for her own good. Her blue eyes are the sort a man could drown in—were it not for her impudence. She questions his every move, breaches his secrets, touches his soul. When he offers to set her up in his London town house, love is the last thing on his mind.<br><br>Jane tries to pretend it’s strictly business, an arrangement she’s been forced to accept in order to conceal a dangerous secret. Surely there is nothing more perilous than being the lover of such a man. Yet as she gets past his devilish façade and sees the noble heart within, she knows the greatest jeopardy of all, a passion that drives her to risk everything on one perfect month with the improper gentleman who thinks that love is for fools.</p>","Fiction, Romance, Historical, Regency, Victorian","Fiction, Romance, Historical",en,384.0,Mass Market Paperback,https://images.isbndb.com/covers/19968413482344.jpg,,0.7006757,False
3461,0679769447,What Girls Learn,Karin Cook,1998,Vintage Books USA,"<i>A touching novel about girls and their mothers, sibling rivalry and kinship, and the mysterious tug between love and antagonism that lies at the heart of every family.  </i><br>  <br> The year Tilden turns twelve, her mother, Frances, falls in love and moves the family north.  Soon the watchful, wise Tilden and her rebellious younger sister, Elizabeth, are navigating a new household amidst the awkward and alluring terrain of adolescence.  But when Frances suddenly discovers a lump in her breast, her daughters must confront the unpredictablility of her illness.  With heartbreak and humor, these characters exposes a world of secrets and learn to survive in the face of life's contradictions.   <br>  <br> This moving, emotionally stirring debut novel will appeal to fans of Anna Quidlen's <b>One True Thing</b> and Mona Simpson's <b>Anywhere But Here.</b> Funny, haunting, and unflinchingly truthful on every page, <b>What Girls Learn</b> is a book that will be read--and cherished-- for years to come.","Fiction, Women, Family Life, Literary","Fiction, Women, Family Life",en,320.0,Paperback,https://images.isbndb.com/covers/24763482430.jpg,,0.69928646,False
8300,0451526384,Persuasion,Jane Austen,1996,Signet Classics,"Persuasion celebrates romantic constancy in an era of turbulent change. Written as the Napoleonic Wars were ending, the novel examines how a woman can at once remain faithful to her past and still move forward into the future. Anne Elliot seems to have given up on present happiness and has resigned herself to living off her memories. More than seven years earlier she complied with duty: persuaded to view the match as imprudent and improper, she broke off her engagement to a naval captain with neither fortune, ancestry, nor prospects. However, when peacetime arrives and brings the Navy home, and Anne encounters Captain Wentworth once more, she starts to believe in second chances. Jane Austen's last completed novel features a heroine much older and wiser than her predecessors in earlier books, and presents a more intimate and sober tale of a love found long after such happiness had been deemed hopeless. This edition includes an appendix giving the original ending of Persuasion.","Fiction, Classics, Literary","Fiction, Classics, Literary",en,285.0,Paperback,https://images.isbndb.com/covers/20628883482348.jpg,,0.6975482,False
3811,0553211374,Persuasion,Jane Austen,1984,Bantam Books,"<b>Jane Austen’s last completed novel, a brilliantly insightful story of regret, second chances, and the courage to follow our hearts</b><br> <br>Anne Elliot is twenty-seven and unmarried—by all accounts a spinster in her time—seemingly doomed to spend the rest of her life waiting on her image-obsessed father and extravagant older sister; attempting to maintain their once lavish, now dwindling family estate; and occasionally babysitting the children of her married younger sister.<br> <br>It wasn’t always this way, though. When Anne was nineteen, she was in love with and engaged to Frederick Wentworth, a man with no money and few prospects. Anne’s well-meaning family and friends convinced her that a young heiress like herself could do better, so she broke off the engagement. But when chance brings Wentworth and Anne together again eight years later, he is now an accomplished naval captain with an impressive fortune, and Anne must face her feelings for him that remain and consider how different her life could have been if only she hadn’t been so easily persuaded by others.","Fiction, Classics, Literary, Romance, Historical, Regency","Fiction, Classics, Literary",en,288.0,Mass Market Paperback,https://images.isbndb.com/covers/26390393482384.jpg,,0.69702107,False
769,0142004030,Lost in a Good Book (Thursday Next Novels (Penguin Books)),Jasper Fforde,2004,Penguin Books,"<b><i>NEW YORK TIMES </i>BESTSELLER • From the author of <i>The Constant Rabbit </i>comes “Harry Potter just for adults . . . [an] immensely enjoyable, almost compulsive experience” (<i>The New York Times Book Review</i>)—the second novel in the renowned Thursday Next series.</b><br><b> </b><br><b>“[<i>Lost in a Good Book</i>] is satire, fantasy, literary criticism, thriller, whodunit, game, puzzle, joke, postmodern prank, and tilt-a-whirl.”—<i>The Washington Post</i></b><br> <br>If resourceful, fearless literary detective Thursday Next thought she could avoid the spotlight after her heroic escapades in the pages of <i>Jane Eyre</i>, she was sorely mistaken.<br> <br>Her adventures as a renowned Special Operative in literary detection have left Thursday Next yearning for a rest. But when the love of her life is eradicated by the corrupt multinational Goliath Corporation, Thursday must bite the bullet and moonlight as a Prose Resource Operative in the secret world of Jurisfiction, the police force inside the books. There she is apprenticed to Miss Havisham, the famous man-hater from Dickens’s <i>Great Expectations, </i>who teaches her to book-jump like a pro.<br> <br>If Thursday retrieves a supposedly vanquished enemy from the pages of Poe’s “The Raven,” she thinks Goliath might return her lost love, Landen. But her latest mission is endlessly complicated. Not only are there side trips into the works of Kafka and Austen, and even Beatrix Potter’s <i>The Tale of Flopsy Bunnies</i>, Thursday finds herself the target of a series of potentially lethal coincidences, the authenticator of a newly discovered play by the Bard himself, and the only one who can prevent an unidentifiable pink sludge from engulfing all life on Earth.<br> <br><b>Don’t miss any of Jasper Fforde’s delightfully entertaining Thursday Next novels:</b><br>THE EYRE AFFAIR • LOST IN A GOOD BOOK • THE WELL OF LOST PLOTS • SOMETHING ROTTEN • FIRST AMONG SEQUELS • ONE OF OUR THURSDAYS IS MISSING • THE WOMAN WHO DIED A LOT","Fiction, Mystery & Detective, Women Sleuths, Literary, Fantasy, Contemporary","Fiction, Mystery & Detective, Women Sleuths",en,416.0,Paperback,https://images.isbndb.com/covers/14842343482238.jpg,,0.69565976,False
4271,0451523385,Wuthering Heights (Signet Classic),Emily Bronte,1993,Signet Book,"Set on the stormy moors of northern England, this classic novel is filled with the cruel and ecstatic love between the characters Heathcliff and Catherine. As they grow together as children and later as lovers, the conflicts of class and an all-consuming passion overwhelm the inhabitants of Wuthering Heights. The all-star cast of performers includes Claire Bloom and James Mason as the doomed lovers.","Fiction, Classics, Literary","Fiction, Classics, Literary",en,312.0,Paperback,https://images.isbndb.com/covers/20598973482348.jpg,,0.69555384,False
8236,0515116750,Born in Ice,Nora Roberts,1996,Berkley Publishing Group,"<b>The second novel in the Irish Born Trilogy from the #1 <i>New York Times</i> bestselling author of <i>Born In Fire</i>. </b><br><br> Brianna Concannon is the kind of innkeeper who doesn’t mind the harsh winters of Ireland—and the empty bed-and-breakfast that comes with them. But this year, a famous American author needs a quiet place to stay while writing his next book.<br><br> A charmer whose easy smiles mask a guarded past, Grayson Thane plans to spend the cold winter alone. But his lovely landlady adds a complication he never expected. She’s exactly what he’s looking for in his heroine. And soon Grayson and Brianna will learn that sometimes fate has a plan of its own. Sometimes, fire can be born in ice...<br><br><b>Don't miss the other books in the Irish Born Trilogy</b><br><i><b>Born in Fire</b></i><br><i><b>Born in Shame </b></i>","Fiction, Romance, Contemporary, Women","Fiction, Romance, Contemporary",en,384.0,Mass Market Paperback,https://images.isbndb.com/covers/10559463482371.jpg,,0.69389373,False
11874,0451211146,What a Girl Wants,Liz Maverick,2004,New American Library,"Debut novelist Liz Maverick takes readers on a hilarious ride through the ups and downs of twenty-something love and life... <br> Hayley Jane Smith doesn't want much. Well, she does want a job, ever since she asked for a raise...and promptly got fired. And she wants a certain rugged, handsome detective, who seems to be interested in her too...although it might be because she's a suspect in a murder he's investigating. Fortunately, Hayley has her three best pals to help her out-Diane the brainiac, Audra the career wiz, and Suz the sexpot-who are, unfortunately, brimming with bad advice. <br> From a bold new voice in fiction, this is a laugh-filled look at life, love, and the pursuit of shoes, and a dead-on story about going for what you want...once you figure out what it is.","Fiction, Romance, Contemporary","Fiction, Romance, Contemporary",en,264.0,Paperback,https://images.isbndb.com/covers/17476573482348.jpg,,0.6920468,False
13674,0553574892,Jane and the Man of the Cloth: Being the Second Jane Austin Mystery,Stephanie Barron,1997,Crimeline,"<b>For everyone who loves Jane Austen . . . the second tantalizing mystery in a new series that transforms the beloved author into a dazzling sleuth!</b><br><br> Jane and her family are looking forward to a peaceful holiday in the seaside village of Lyme Regis. Yet on the outskirts of town an overturned carriage forces the shaken travelers to take refuge at a nearby manor house. And it is there that Jane meets the darkly forbidding yet strangely attractive Mr. Geoffrey Sidmouth. What murky secrets does the brooding Mr. Sidmouth seek to hide? Jane suspects the worst—but her attention is swiftly diverted when a man is discovered hanged from a makeshift gibbet by the sea. The worthies of Lyme are certain his death is the work of “the Reverend,” the ringleader of the midnight smuggling trade whose identity is the town's paramount mystery. Now, it falls to Jane to entrap and expose the notorious Reverend . . . even if the evidence points to the last person on earth she wants to suspect . . . a man who already may have won her heart.","Fiction, Mystery & Detective, Historical, Women Sleuths, Cozy","Fiction, Mystery & Detective, Historical",en,368.0,Paperback,https://images.isbndb.com/covers/1939753482385.jpg,,0.6918461,False
7238,0679738290,The Virgin in the Garden,A. S. Byatt,1992,Vintage Books USA,"From the Booker Prize-winning author of Possession comes a wonderfully erudite novel in which enlightenment and sexuality, Elizabethan drama and contemporary comedy, intersect richly and unpredictably.<br/><br/>""Large, complex, ambitious, humming with energy and ideas ... a remarkable achievement."" —Iris Murdoch<br/><br/>In Yorkshire, the Potter family are preparing to celebrate Elizabeth II’s arrival on the throne. Its three youngest members, however, are preoccupied with other matters. Stephanie has grown tired of their overbearing father and resolves to marry the local curate. Anxious teenager Marcus gains a new teacher and suffers increasingly disturbing visions. Then there is Frederica. On the brink of adulthood, a love affair with a young playwright may offer the freedom she desperately desires.","FICTION_HISTORICAL_GENERAL, FICTION_FAMILY LIFE_GENERAL, POTTER, FREDERICA (FICTITIOUS CHARACTER)_FICTION, MAN-WOMAN RELATIONSHIPS_FICTION, ENGLAND_FICTION","FICTION_HISTORICAL_GENERAL, FICTION_FAMILY LIFE_GENERAL, POTTER, FREDERICA (FICTITIOUS CHARACTER)_FICTION",en,432.0,Paperback,https://images.isbndb.com/covers/27799083482429.jpg,,0.6906599,False
7096,0393000567,Rhys Wide Sargasso Sea (Paper Only),RHYS,1986,W.W. Norton & Company Ltd,"""Rhys brilliantly and imaginately reconstructs the girlhood and marriage of Antoinette Bertha Cosway, the mysterious madwoman in Jane Eyre. It is a romantic and tragic novel of spellbinding intensity""--Back cover.","BRITISH AND IRISH FICTION (FICTIONAL WORKS BY ONE AUTHOR), WEST INDIES_FICTION, MAN-WOMAN RELATIONSHIPS_FICTION, FICTION_ROMANCE_HISTORICAL_GENERAL, FICTION_PSYCHOLOGICAL, MARRIED PEOPLE_FICTION","BRITISH AND IRISH FICTION (FICTIONAL WORKS BY ONE AUTHOR), WEST INDIES_FICTION, MAN-WOMAN RELATIONSHIPS_FICTION",en,189.0,Paperback,https://images.isbndb.com/covers/25172333482327.jpg,,0.6895035,False
5438,0671742558,Almost Heaven,Judith McNaught,1991,Pocket,"<b>This sweeping historical romance will take you from London’s drawing rooms to the Scottish Highlands as a young countess embarks on a twisting relationship with a handsome rogue—from the <i>New York Times</i> bestselling Sequels series.</b><br><br>Elizabeth Cameron, the Countess of Havenhurst, possesses a rare gentleness and fierce courage to match her exquisite beauty. But her reputation is shattered when she is discovered in the arms of Ian Thornton, a notorious gambler and social outcast. <br> <br>A dangerously handsome man of secret wealth and mysterious lineage, Ian’s interest in Elizabeth may not be all that it seems. His voyage to her heart is fraught with intrigue, scandal, and passion, forcing Elizabeth to wonder: is Ian truly just a ruthless fortune hunter? Or could the love in his heart perhaps be true? <br> <br>“Well-developed main characters with a compelling mutual attraction give strength and charm to this romance” (<i>Publishers Weekly</i>) you won’t be able to put down.","Fiction, Romance, Historical","Fiction, Romance, Historical",en,384.0,Mass Market Paperback,https://images.isbndb.com/covers/4013203482427.jpg,,0.68876755,False
12033,0440222079,A Year and a Day,Virginia Henley,1998,Island,"With over five million copies of her novels in print, New York Times bestselling author Virginia Henley has enchanted readers worldwide.  Now she sweeps us back to an intensely romantic, tumultuous time in Scottish history.  .  .  .  <br><br>When Lynx de Warenne, Edward Plantagenet's most prized warrior, invaded Dumfries castle, he took possession of Jane Leslie's home--and soon wanted something more from the headstrong lass.  Desperate for an heir, he proposed a handfasting: a Scottish custom whereby a man can lawfully take a woman into his bed, then, after a year and a day, the couple can either wed or part.  Any child of that union is deemed legitimate.  Jane had no choice but to surrender to the invader's knowing touch.  .  .  .<br> <br>Fearless on the battlefield, Lynx was afraid to love.  But Jane slowly stole into his heart.  And as the fires of war raged around them, amid treacherous foes and brilliant intrigues, who would have thought that two such unlikely partners would fall in love--or that their breathless passion for each other would outlast .  .  .<br><br><br>Virginia Henley is the author of fourteen romantic novels, including the New York Times bestsellers <i>Seduced</i> and <i>Desired.</i>  Her work has been translated into ten languages.  A recipient of the Romantic Times Lifetime Achievement Award, she lives in St. Petersburg, Florida, and Ontario, Canada.","Fiction, Romance, Historical","Fiction, Romance, Historical",en,483.0,Mass Market Paperback,https://images.isbndb.com/covers/19928953482344.jpg,,0.6879401,False
10331,1853260568,Persuasion (Wordsworth Collection),Jane Austen,1998,NTC/Contemporary Publishing Company,"CLASSIC FICTION (PRE C 1945). Jane Austen's last and most melancholy novel was published posthumously in 1818. In PERSUASION, Austen creates a strong, mature, and independent heroine, Anne Elliot. Having foolishly broken off an engagement eight years earlier to Frederick Wentworth, a penniless naval officer, Anne at the age of 27 has remained unmarried--and secretly devoted to Wentworth. Living with her vain, self-absorbed, and (of course) ridiculous father, Anne is sinking gently into a resigned spinsterhood when Wentworth, who has gained wealth and a name for himself, comes back into her life. Set in 1814 and 1815, PERSUASION was written in 1816, when Jane Austen was already ill; perhaps her decline left its mark on the novel. PERSUASION, however, while more serious in tone than Austen's other works--and, interestingly, more attuned to landscape and the beauties of nature--retains her gift for satire and her sometimes mordant wit.","Fiction, Classics, Literary","Fiction, Classics, Literary",en,180.0,Paperback,https://images.isbndb.com/covers/23161553482847.jpg,,0.68661636,False
11512,1853260436,Northanger Abbey (Wordsworth Collection),Jane Austen,1998,Wordsworth Editions Ltd,"<p>Introduction and Notes by David Blair, University of Kent.</p> <p>Northanger Abbey tells the story of a young girl, Catherine Morland who leaves her sheltered, rural home to enter the busy, sophisticated world of Bath in the late 1790s. Austen observes with insight and humour the interaction between Catherine and the various characters whom she meets there, and tracks her growing understanding of the world about her.</p> <p>In this, her first full-length novel, Austen also fixes her sharp, ironic gaze on other kinds of contemporary novel, especially the Gothic school made famous by Ann Radcliffe. Catherine's reading becomes intertwined with her social and romantic adventures, adding to the uncertainties and embarrassments she must undergo before finding happiness.</p>","Fiction, Classics, Literary, Women, FICTION, Satire","Fiction, Classics, Literary",en,165.0,Paperback,https://images.isbndb.com/covers/23160253482847.jpg,,0.6863074,False
8112,0812543122,Sense and Sensibility,Jane Austen,1995,Tor Books,"<p>Tor Classics are affordably-priced editions designed to attract the young reader. Original dynamic cover art enthusiastically represents the excitement of each story. Appropriate ""reader friendly"" type sizes have been chosen for each title—offering clear, accurate, and readable text. All editions are complete and unabridged, and feature Introductions and Afterwords.</p><p>This edition of <i>Sense and Sensibility </i>includes a Foreword, Biographical Note, and Afterword by Elizabeth Engstrom.</p><p>Elinor Dashwood is affectionate and good-natured--but above all, prudent. She takes pride in her ability to conceal her emotions from others. Her younger sister, Marianne, on the other hand, is everything Elinor is not: impulsive, romantic, and carefree. It's hard to imagine two sisters who could be more different.</p><p>But twists of fate will unite Elinor and Marianne in a tangled web of deception that could ruin each of them.</p><p>Both have decided to marry. Elinor has made a sensible decision and has set her sights on a man she believes will be a good husband and a decent provider. Marianne--swept away by emotion--has lost her heart to a handsome, dashing charmer. Men as different as night and day: but each sister believes she has made the perfect choice.</p><p>Or has she?</p>","Fiction, Classics, Literary, Family Life, Siblings","Fiction, Classics, Literary",en,352.0,Mass Market Paperback,https://images.isbndb.com/covers/7729413482477.jpg,,0.68447006,False
6677,0743410599,Scandalous (Banning Sisters Trilogy),Karen Robards,2001,Pocket,"<b>An unexpected romance emerges between a young woman desperate to keep her family’s wealth and the man trying to gain it in this first in <i>New York Times</i> bestselling author Karen Robards’s Regency-era series.</b><b></b><br><br>England, 1810: When Lady Gabriella Banning receives word that her half-brother, the Earl of Wickham, has died on his tea plantation, she faces the reality that she and her younger sisters, Claire and Elizabeth, are suddenly penniless. The family’s riches will pass to the next male heir—a distant cousin—and the Banning sisters are doomed unless Gabby thinks fast.<br> <br>Which she does. Pretending that her brother is still alive, Gabby arranges beautiful Claire’s London season. She’ll keep up the pretense just long enough for Claire to marry a fabulously wealthy nobleman. But when a handsome gentleman arrives at the door and claims to be the Earl of Wickham, Gabby’s plan backfires. For if she exposes this mysterious stranger’s deceit, she exposes her own. Bound by secrets and lies, Gabby and the roguish adventurer strike sparks off each other—and soon London society is abuzz over the scandalous pair of “siblings” who appear to be falling in love.","Fiction, Romance, Historical","Fiction, Romance, Historical",en,359.0,Mass Market Paperback,https://images.isbndb.com/covers/18548873482452.jpg,,0.68427515,False
13249,0380806312,The Husband List,Victoria Alexander,2000,Avon,"<b><p>An Unexpected Husband</p></b><p>Against her better judgment, Lady Gillian Marley needs to find herself a husband -- and quickly. To claim her uncle's unexpected bequest she must marry by her next birthday, which leaves only two months to find a malleable mate. Topping her list of eligible candidates is the honorable Earl of Shelbrooke, yet one look at the very handsome but enigmatic nobleman and Gillian knows that cajoling him into a marriage of convenience will be hardly convenient at all.</p><b><p>A Marriage of Inconvenience</p></b><p>Far from immune to Gillian's entrancing charms, the last thing Richard Shelton is about to bind himself into is a chaste marriage. Though the inheritance is more than and tempting, Richard knows the lady herself is the real prize and isn't about to allow Gillian to deny the burning fervor that sparks between them. Now he has only two months to convince her to be his wife in full ... before his mysterious secret is revealed and their lives explode irrevocably into scandal.</p>","Fiction, Romance, Historical","Fiction, Romance, Historical",en,384.0,Mass Market Paperback,https://images.isbndb.com/covers/15573003482323.jpg,,0.6842022,False
5683,0515107662,The Sherbrooke Bride (Bride Trilogy (Paperback)),Catherine Coulter,1996,Jove Books,"<b>The first book in <i>New York Times</i> bestselling author Catherine Coulter's beloved Bride series.</b><br><br>Douglas Sherbrooke, Earl of Northcliffe, is a man besieged. He must have an heir, which means he must find himself a bride.<br><br>Alexandra Chambers, youngest daughter of the Duke of Beresford, has loved Douglas Sherbrooke since she was fifteen. But it is her sister, the incomparable Melissande, he wishes to wed. And unfortunately for Douglas, he finds himself married to the wrong sister. <br><br>Despite his attempts to annul the marriage, he eventually finds himself questioning his feelings for Alexandra—and realizing that he may have married the right woman after all.","Fiction, Romance, Historical, Regency, Suspense","Fiction, Romance, Historical",en,416.0,Paperback,https://images.isbndb.com/covers/10468523482371.jpg,,0.683831,False
2736,015602943X,The Time Traveler's Wife (Harvest Book),Audrey Niffenegger,2004,Harvest Books,"A dazzling novel in the most untraditional fashion, this is the remarkable story of Henry DeTamble, a dashing, adventuresome librarian who travels involuntarily through time, and Clare Abshire, an artist whose life takes a natural sequential course. Henry and Clare's passionate love affair endures across a sea of time and captures the two lovers in an impossibly romantic trap, and it is Audrey Niffenegger's cinematic storytelling that makes the novel's unconventional chronology so vibrantly triumphant.<br> <br> An enchanting debut and a spellbinding tale of fate and belief in the bonds of love, The Time Traveler's Wife is destined to captivate readers for years to come.<br>","Fiction, Fantasy, Romance, Time Travel, Women, Family Life, Marriage & Divorce","Fiction, Fantasy, Romance",en,546.0,Paperback,https://images.isbndb.com/covers/14667413482243.jpg,,0.68328214,False
2011,0515132020,Heaven and Earth (Three Sisters Island Trilogy),Nora Roberts,2003,Jove Books,"<b>In the second book in her Three Sisters Island Trilogy, #1 <i>New York Times</i> bestselling author Nora Roberts returns to the haunting shores of New England—and to the lives of three passionate, powerful women…<br></b><br>Ripley Todd's job as a sheriff’s deputy keeps her busy and happy, and she has no trouble finding men when she wants them—which, lately, isn’t all that often. She’s perfectly content, except for one thing: she has special powers that both frighten and confuse her.<br><br>Distraction soon arrives in the handsome form of MacAllister Booke—a researcher who’s come to investigate the rumors of witchcraft that haunt Three Sisters Island. Right from the start, he knows there’s something extraordinary about Ripley Todd. Fascinated by her struggle with her amazing abilities, he becomes determined to help her accept who she is—and find the courage to open her heart.<br><br>But before Ripley and Mac can dream of what lies in the future, they must confront the pain of the past. For Three Sisters shelters centuries of secrets—and a legacy of danger that plagues them still…<br><br><br><b>Don't miss the other books in the Three Sisters Island Trilogy</b><br><i><b>Dance Upon the Air</b></i><br><i><b>Face the Fire</b> </i>","Fiction, Romance, Contemporary, Paranormal, Women","Fiction, Romance, Contemporary",en,368.0,Mass Market Paperback,https://images.isbndb.com/covers/10712123482371.jpg,,0.68304515,False
3310,0140430059,Persuasion: With a Memoir of Jane Austen,Jane Austen,1998,Penguin USA (Paper),"Austen's last novel is the crowning achievement of her matchless career. Her heroine, Anne Elliot, a woman of integrity, breeding and great depth of emotion, stands in stark contrast to the brutality and hypocrisy of Regency England. Includes a new Introduction by Margaret Drabble, famed novelist and editor of The Oxford Companion to the English Language.","BRITISH AND IRISH FICTION (FICTIONAL WORKS BY ONE AUTHOR), MAN-WOMAN RELATIONSHIPS_FICTION, ENGLAND_FICTION","BRITISH AND IRISH FICTION (FICTIONAL WORKS BY ONE AUTHOR), MAN-WOMAN RELATIONSHIPS_FICTION, ENGLAND_FICTION",fr,400.0,Paperback,https://images.isbndb.com/covers/27188363482237.jpg,,0.68258107,False
919,0553583085,Kissed by Shadows (Get Connected Romances),Jane Feather,2003,Bantam Books,"<i>New York Times</i> bestselling author Jane Feather has won legions of fans and critical accolades for her unique blend of sizzling seduction, dangerous intrigue, and passionate adventure. In this second of two romances featuring two unconventional sisters whose quest to solve the mystery surrounding their lives puts each of them in the path of an irresistible hero, Jane Feather tells the story of a young bride in peril and a mysterious English lord who find themselves at the center of a sinister plot...and a reckless affair.<br><br><b>Kissed By Shadows<br><br></b>Lady Philippa Nielson had no memory of what took place in her bedchamber in the dead of night--nor knowledge of the dangerous plot that put her life in jeopardy. But with a brief touch of his hand and one glance of his knowing gray eyes, Pippa felt a connection to the dark stranger who should have been her greatest enemy. Who was this man who seemed to understand more about her life than she did herself? Why did she respond to his most casual caresses with the most urgent and reckless of desires? <br><br>Lionel Ashton had been appointed guardian of both Pippa and the secret she unknowingly bore. And protect this sensuous and fiercely independent woman he would, even from the king himself. But what Lionel knows about Pippa will put both their lives in the greatest danger--even as they slip under the spell of a daring seduction that will turn them into passionate outlaws...and legendary lovers.","Fiction, Romance, Historical","Fiction, Romance, Historical",en,469.0,Mass Market Paperback,https://images.isbndb.com/covers/2021683482385.jpg,,0.68253136,False
7859,0670894885,Jane Austen (Penguin Lives),Carol Shields,2001,Viking Penguin Inc,"In her fictional biography, The Stone Diaries, Carol Shields created an astonishing portrait of Daisy Goodwill Flett, a modern woman struggling to understand her place in her own life. With the same sensitivity and artfulness that are the trade-marks of her award-winning novels, Shields here explores the life of a writer whose own novels have engaged and delighted readers for the past two hundred years.<br/>In Jane Austen, Shields follows this superb and beloved novelist from her early family life in Steventon to her later years in Bath, her broken engagement, and her intense relationship with her sister Cassandra. She reveals both the very private woman and the acclaimed author behind the enduring classics Sense and Sensibility, Pride and Prejudice, and Emma. With its fascinating insights into the writing process from an award-winning novelist, Carol Shields's magnificent biography of Jane Austen is also a compelling meditation on how great fiction is created.","AUSTEN, JANE, 1775-1817, AUTHORS, ENGLISH, AUTHORS_BIOGRAPHY","AUSTEN, JANE, 1775-1817, AUTHORS, ENGLISH, AUTHORS_BIOGRAPHY",en,185.0,Hardcover,https://images.isbndb.com/covers/23622343482426.jpg,,0.6814436,False
4975,0399151613,The Jane Austen Book Club,Karen Joy Fowler,2004,Marian Wood Book,"As six Californians get together to form a book club to discuss the novels of Jane Austen, their lives are turned upside down by troubled marriages, illicit affairs, changing relationships, and love, in a comedy of contemporary manners. By the author of Sarah Canary.","FICTION_HUMOROUS_GENERAL, CALIFORNIA_FICTION","FICTION_HUMOROUS_GENERAL, CALIFORNIA_FICTION",en,304.0,Hardcover,https://images.isbndb.com/covers/2425433482330.jpg,,0.68118846,False
12101,0553583549,The Protector,MADELINE HUNTER,2001,Bantam,"<b>A captivating new writer at an irresistible price<br></b><br> Critically acclaimed as ""one of the brightest new writers in the genre,"" (<i>Publishers Weekly</i>) Madeline Hunter has taken the world of historical romance by storm with her sensually powerful novels that feature strong heroines, provocative heroes, and timeless passion. Now this hugely talented author offers us a new tale filled with her trademark blend of danger, adventure, and sizzling seduction.<br> <br> The first time he laid eyes on her she had come to his rescue with a sword in her hand. Still Morvan Fitzwaryn had never seen any woman who aroused his interest and his passion more than the unconventional Breton warrior beauty. Anna de Leon took him into her castle and nursed him back to health, little knowing the spark of desire she was feeding with her caring ministrations. It wasn't long before Morvan had vowed to protect and conquer this unconquerable woman with all the sensual weapons at his disposal.<br> <br> For her part, Anna de Leon had no interest in men as lovers or husbands. She was used to commanding men in battle. But she suddenly had the strange feeling that her well-fortified defenses could be breached by this dark-eyed, smolderingly handsome English knight. When her castle is besieged by an old enemy who claims both her and her lands, Anna finds she has no choice but to accept Morvan's aid — even if the enemy outside her walls is no match for the ally within, who with every tantalizing kiss and forbidden embrace threatens to make her a prisoner of her own fiery passion.","Fiction, Romance, Historical, Suspense, Medieval, Action & Adventure","Fiction, Romance, Historical",en,339.0,Mass Market Paperback,https://images.isbndb.com/covers/2026253482385.jpg,,0.68104213,False
4433,0553575937,Jane and the Unpleasantness at Scargrave Manor: Being the First Jane Austen Mystery (Jane Austen Mysteries (Paperback)),Stephanie Barron,1997,Bantam Books,"For everyone who loves Jane Austen...a marvelously entertaining new series that turns the incomparable author into an extraordinary sleuth!<br><br>On a visit to the estate of her friend, the young and beautiful Isobel Payne, Countess of Scargrave, Jane bears witness to a tragedy. Isobel's husband—a gentleman of mature years—is felled by a mysterious and agonizing ailment. The Earl's death seems a cruel blow of fate for the newly married Isobel. Yet the bereaved widow soon finds that it's only the beginning of her misfortune...as she receives a sinister missive accusing her and the Earl's nephew of adultery—and murder. Desperately afraid that the letter will expose her to the worst sort of scandal, Isobel begs Jane for help. And Jane finds herself embroiled in a perilous investigation that will soon have her following a trail of clues that leads all the way to Newgate Prison and the House of Lords—a trail that may well place Jane's own person in the gravest jeopardy.","Fiction, Mystery & Detective, Historical, Women Sleuths, Cozy","Fiction, Mystery & Detective, Historical",en,352.0,Mass Market Paperback,https://images.isbndb.com/covers/1950193482385.jpg,,0.6794734,False
6611,0312290888,Jane Austen in Boca: A Novel,Paula Marantz Cohen,2002,St. Martin's Press,"<i>It is a truth universally acknowledged that a nice Jewish widower must be in want of a wife.</i><br><br>Jane Austen centered her classic novels of manners around ""three or four families in a country village."" So does Paula Marantz Cohen in her novel, a witty twist on Pride and Prejudice--except this time, the ""village"" is Boca Raton, Florida. <br><br>Eligible men, especially ones in possession of a good fortune and country club privileges, are scarce. When goodhearted meddler Carol Newman learns that the wealthy Norman Grafstein has lost his wife, she resolves to marry<br>him off to her lonely mother-in-law, May.<br><br>The novel charts the progress of May's love life as well as that of her two closest friends: the strong-minded former librarian Flo Kliman and the flamboyant Lila Katz. If there weren't confusion enough, Flo's great-niece Amy, a film student at NYU, suddenly arrives with a camera crew determined to get it all on tape.<br><br>Will May and Norman eventually find happiness? Will Flo succumb to the charms of the suavely cosmopolitan Mel Shirmer? Will Amy's movie about them win an Academy Award--or at least a prize at the NYU student film competition?<br><br>Complications and misunderstandings abound in this romantic and perceptive comedy of manners.<br>","Fiction, Romance, Biographical, Women","Fiction, Romance, Biographical",en,258.0,Hardcover,https://images.isbndb.com/covers/4477663482299.jpg,,0.6793724,False
3456,0743227441,The Other Boleyn Girl,Philippa Gregory,2002,Touchstone,"<b>The #1 <i>New York Times </i>bestseller from “the queen of royal fiction” (<i>USA TODAY</i>) Philippa Gregory is a rich, compelling novel of love, sex, ambition, and intrigue surrounding the Tudor court of Henry VIII, Anne Boleyn, and the infamous Boleyn family.</b><br><br>When Mary Boleyn comes to court as an innocent girl of fourteen, she catches the eye of the handsome and charming Henry VIII. Dazzled by the king, Mary falls in love with both her golden prince and her growing role as unofficial queen. However, she soon realizes just how much she is a pawn in her family’s ambitious plots as the king’s interest begins to wane, and soon she is forced to step aside for her best friend and rival: her sister, Anne. With her own destiny suddenly unknown, Mary realizes that she must defy her family and take fate into her own hands.<br> <br>With more than one million copies in print and adapted for the big screen,<i> The Other Boleyn Girl</i> is a riveting historical drama. It brings to light a woman of extraordinary determination and desire who lived at the heart of the most exciting and glamorous court in Europe, and survived a treacherous political landscape by following her heart.","Fiction, Historical, Renaissance, Romance, Women","Fiction, Historical, Renaissance",en,672.0,Paperback,https://images.isbndb.com/covers/16717373482452.jpg,,0.6784204,False
2273,0060505249,Where's My Hero?,Lisa Kleypas,2003,Avon Books,"<p> Dear Avon Books, </p> <p> Where are my heroes? Whenever I'm reading a book by one of my favorite authors I find I'm falling for the wrong guy -- not the hero, but the other man -- and what I really want is for him to have his own story. </p> <p> Like Jake Linley, from <i>Someone to Watch Over Me</i> by Lisa Kleypas…that doctor could sit by my bedside if I ever got sick. And Ned Blydon in <i>Splendid</i> by Julia Quinn...he makes me want to learn to waltz! I never thought living in a drafty castle would be much fun until Simon of Ravenswood in <i>Master of Desire</i> by Kinley MacGregor came along. </p> <p> Anyway, I just wanted to let you know that these are my men -- when do they get their stories? </p> <p> Sincerely,<br> A Romance Fan </p> <p> Some books are so special that there is more than one hero to love, but only a single story is told. So if you find yourself asking, ""Where is my hero?"" you'll discover the answer right here in this delicious collection by New York Times bestseller Lisa Kleypas, <i>New York Times</i> bestseller Julia Quinn and <i>USA Today</i> bestseller Kinley MacGregor. </p>","Fiction, Romance, Historical","Fiction, Romance, Historical",en,384.0,Mass Market Paperback,https://images.isbndb.com/covers/14342293482209.jpg,,0.677998,False
30,1853260053,Tess of the D'Urbervilles (Wordsworth Classics),Thomas Hardy,1997,NTC/Contemporary Publishing Company,"<p>Introduction and Notes by Michael Irwin, Professor of English Literature, University of Kent at Canterbury.</p> <p>Set in Hardy's Wessex, Tess is a moving novel of hypocrisy and double standards. Its challenging sub-title, A Pure Woman, infuriated critics when the book was first published in 1891, and it was condemned as immoral and pessimistic.</p> <p>It tells of Tess Durbeyfield, the daughter of a poor and dissipated villager, who learns that she may be descended from the ancient family of d'Urbeville. In her search for respectability her fortunes fluctuate wildly, and the story assumes the proportions of a Greek tragedy. It explores Tess's relationships with two very different men, her struggle against the social mores of the rural Victorian world which she inhabits and the hypocrisy of the age.</p> <p>In addressing the double standards of the time, Hardy's masterly evocation of a world which we have lost, provides one of the most compelling stories in the canon of English literature, whose appeal today defies the judgement of Hardy's contemporary critics.</p>","Fiction, Classics, Literary","Fiction, Classics, Literary",en,446.0,Unknown Binding,https://images.isbndb.com/covers/23156433482847.jpg,,0.6779407,False
2268,0449006379,Lord of Fire,Gaelen Foley,2002,Ivy Books,"<b><i>Gaelen Foley has become one of the hottest new writers in romance, enticing her readers with bold love stories that burn with emotional intensity. Now in new novel, she presents her most unforgettable hero yet, the irresistible Lord of Fire.<br></i></b><br>After years of preparation, he has baited his trap well, luring the depraved members of Society into his devil’s playground so he can earn their trust and uncover their secrets. Yet no one in London suspects that Lord Lucien Knight is England’s most cunning spy, an officer who has sacrificed his soul for his country. Now an unexpected intruder has invaded his fortress of sin, jeopardizing his carefully laid plans–and igniting his deepest desires.<br><br>Beautiful, innocent, Alice Montague finds herself at the mercy of scandalous Lord Lucien. But as he begins his slow seduction to corrupt her virtue, Alice glimpses a man tormented by his own choices, a man who promises her nothing except his undeniable passion. . . .","Fiction, Romance, Historical, Regency, Suspense, Action & Adventure","Fiction, Romance, Historical",en,432.0,Mass Market Paperback,https://images.isbndb.com/covers/23514623482347.jpg,,0.6777296,False
7460,0515127213,The Courtship,Catherine Coulter,2000,Jove Books,"<b>The stunning Regency-era romance from #1 <i>New York Times </i>bestselling author Catherine Coulter.</b><br><br>Characters from two of Coulter’s most beloved novels in the Sherbrooke Bride series find each other in <i>The Courtship</i>. Helen Mayberry of <i>Mad Jack</i> has one passion: to track down a mystical treasure. That is, until she meets the thoroughly wicked Spenser Heatherington in a clash of the titans.","Fiction, Romance, Historical, Regency, Action & Adventure","Fiction, Romance, Historical",en,352.0,Mass Market Paperback,https://images.isbndb.com/covers/10664093482371.jpg,,0.67711747,False
3856,0525945814,Falling Angels,Tracy Chevalier,2001,Dutton Books,"In a novel of manners and social divisions set against the backdrop of turn-of-the-century England, two girls from different classes become friends, and their families' lives become intertwined in the process. By the author of Girl With a Pearl Earring. 125,000 first printing.","FRIENDSHIP_FICTION, ENGLAND_FICTION, LONDON (ENGLAND)_FICTION, FICTION_HISTORICAL_GENERAL, FICTION_SAGAS","FRIENDSHIP_FICTION, ENGLAND_FICTION, LONDON (ENGLAND)_FICTION",en,256.0,Hardcover,https://images.isbndb.com/covers/6506943482375.jpg,,0.67692417,False
2685,0330375253,Bridget Jones's Diary,Helen Fielding,2001,Picador,"'Helen Fielding is one of the funniest writers in Britain and Bridget Jones is a creation of comic genius' Nick Hornby. Now a major motion picture from Universal Pictures starring Renée Zellweger, Hugh Grant and Colin Firth.Bridget Jones's Diary was first published in 1996 and applauded by critics from Salman Rushdie to Jilly Cooper. A number one best-seller, Helen Fielding's book has sold over fifteen million copies worldwide and has been turned into an Academy Award-nominated film starring Renee Zellweger, Colin Firth and Hugh Grant. Bridget Jones's Diary is followed by Bridget Jones: The Edge of Reason and Bridget Jones: Mad About the Boy. Bridget Jones is everyone's favourite spinster. In Bridget Jones's Diary she documents her struggles through the social minefield of her 30s and tries to weigh up the eternal question: Daniel Cleaver of Mark Darcy? She is supported through the whole process by four indispensable friends, Shazzer, Jude, Tom and a bottle of chardonnay. A dazzling urban satire of modern relationships? An ironic, tragic insight into the demise of the nuclear family? Or the confused ramblings of a pissed thirty-something?","Fiction, Humorous, Literary, Women","Fiction, Humorous, Literary",en,310.0,Paperback,https://images.isbndb.com/covers/16806573482305.jpg,,0.6757606,False
13802,0140430962,The Woman in White (The Penguin English Library),Wilkie Collins,1975,Penguin Books,"Novel by Wilkie Collins, published ... in book form in 1860. Noted for its suspenseful plot and unique characterization, the successful novel brought Collins great fame; he adapted it into a play in 1871. This dramatic tale, inspired by an actual criminal case, is told through multiple narrators. Frederick Fairlie, a wealthy hypochondriac, hires virtuous Walter Hartright to tutor his beautiful niece and heiress, Laura, and her homely, courageous half-sister, Marian Halcombe. Although Hartright and Laura fall in love, she honors her late father's wish that she marry Sir Percival Glyde, a villain who plans to steal her inheritance. Glyde is assisted by sinister Count Fosco, a cultured, corpulent Italian who became the archetype of subsequent villains in crime novels. Their plot is threatened by Anne Catherick, a mysterious fugitive from a mental asylum who dresses in white, resembles Laura, and knows the secret of Glyde's illegitimate birth. Through the perseverance of Hartright and Marian, Glyde and Fosco are defeated and killed, allowing Hartright to marry Laura. -- The Merriam-Webster Encyclopedia of Literature.","Fiction, Classics, Literary, Mystery & Detective","Fiction, Classics, Literary",en,648.0,Mass Market Paperback,https://images.isbndb.com/covers/27197443482237.jpg,,0.6755072,False
13838,0141439599,Tess of the D'Urbervilles (Penguin Classics),Thomas Hardy,2003,Penguin Books,"<b>A heartbreaking portrayal of a woman faced by an impossible choice in the pursuit of happiness </b><br><br>When Tess Durbeyfield is driven by family poverty to claim kinship with the wealthy D'Urbervilles and seek a portion of their family fortune, meeting her 'cousin' Alec proves to be her downfall. A very different man, Angel Clare, seems to offer her love and salvation, but Tess must choose whether to reveal her past or remain silent in the hope of a peaceful future. With its sensitive depiction of the wronged Tess and powerful criticism of social convention, Tess of the D'Urbervilles, subtitled ""A Pure Woman,"" is one of the most moving and poetic of Hardy's novels. <br><br> Based on the three-volume first edition that shocked readers when first published in 1891, this edition includes as appendices: Hardy's Prefaces, the Landscapes of Tess, episodes originally censored from the Graphic periodical version, and a selection of the Graphic illustrations.<br><br>For more than seventy years, Penguin has been the leading publisher of classic literature in the English-speaking world. With more than 1,700 titles, Penguin Classics represents a global bookshelf of the best works throughout history and across genres and disciplines. Readers trust the series to provide authoritative texts enhanced by introductions and notes by distinguished scholars and contemporary authors, as well as up-to-date translations by award-winning translators.","Fiction, Classics, Literary, Romance, Suspense","Fiction, Classics, Literary",en,592.0,Paperback,https://images.isbndb.com/covers/9197923482238.jpg,,0.6754663,False
2330,1573229083,My Dream of You,Nuala O'Faolain,2002,Riverhead Books,"<b>A <i>New York Times</i> notable book and bestseller, this debut novel from <i>Irish Times</i> columnist Nuala O'Faolain takes on life and love with Dickensian flair and the striking intimacy that characterized her bestselling and acclaimed memoir, <i>Are You Somebody? </i></b><br><br>Set in Ireland and spanning a century and a half, <i>My Dream of You </i>unfolds the compelling stories of two women and their quests for passion, connection, and fulfillment.  A globetrotting Irish travel writer, Kathleen de Burca is used to living—and loving—on the run. On the brink of fifty, she decides to leave her job and rethink her life. Intrigued by a divorce case dating back to the days of the Potato Famine, she tries hand at writing about it. The case, called ""The Talbot Affair,"" detailed the clandestine liaison between the wife of a British landlord and an Irish servant in Ireland in the 1850s. After a bitter thirty-year absence, Kathleen returns to Ireland, the land of her troubled childhood and turbulent heritage, in search of answers to her questions about desire and lasting love.","Fiction, Literary","Fiction, Literary",en,544.0,Paperback,https://images.isbndb.com/covers/3339893482748.jpg,,0.6745562,False
6997,0553578375,Jane and the Stillroom Maid (Jane Austen Mysteries (Paperback)),Stephanie Barron,2001,Bantam Books,"Jane Austen is enjoying August, 1806, among Derbyshire's craggy peaks, sparkling streams, and cavernous gorges. That is, until she discovers the corpse of a young gentleman whose blond curls and delicate features suggest the face of an angel. <br><br>More shocking still is the coroner's revelation: the deceased is no man but a maidservant — clad in the garb of her master, Mr. Charles Danforth of Penfolds Hall. Tess Arnold had ruled the stillroom at Penfolds for many years — until she was labeled a witch and dismissed for indiscretion. Was Tess the prey of a madman loose in the hills, or perchance the cast-off impediment to a gentleman's marriage? <br><br>As usual, Jane's acute perception and her nose for trouble place her supremely at risk — from a killer who may strike as violently by day as he once did by night....","Fiction, Mystery & Detective, Historical, Women Sleuths","Fiction, Mystery & Detective, Historical",en,336.0,Mass Market Paperback,https://images.isbndb.com/covers/1974643482385.jpg,,0.67407876,False
11752,0380820064,And Then He Kissed Me (Avon Romance),Patti Berg,2003,Avon,"<p>Bestselling mystery author Juliet Bridger is the epitome of success. Her forensic mystery novels and the movies made from them have made her a multimillionaire, and she′s dated - but hasn′t fallen in love with - the same computer whiz-kid billionaire for the past five years. In other words, her life has become dull and monotonous.</p> <p> To spice things up (and do research for her next book at the same time) she takes a new name and a new life in small-town Wyoming. Once there, she′s surprised to discover that the ′Doc′ in town isn′t some wrinkly old man but young and fabulously stunning vet Cole Sheridan. Suddenly her masquerade starts to backfire - how can she possibly explain her web of lies when she′s fallen in love with the town - and with its vet in particular?</p>","Fiction, Romance, Contemporary","Fiction, Romance, Contemporary",en,384.0,Mass Market Paperback,https://images.isbndb.com/covers/15710443482323.jpg,,0.6732495,False
1247,0553583077,To Kiss a Spy (Get Connected Romances),JANE FEATHER,2003,Bantam,"<i>New York Times</i> bestselling author Jane Feather has won legions of fans and critical accolades for her sweeping romances portraying a unique blend of sizzling seduction and dangerous intrigue. In this first of two romances featuring two unconventional sisters whose quest to solve the mystery surrounding their lives puts each of them in the path of a dangerously irresistible hero, Jane Feather tells the story of a daring young widow and a master spy engaged in a duel of wits--and seduction--to uncover a dark secret....<br><br><b>To Kiss a Spy<br><br></b>Lady Pen Bryantson had been caught red-handed looking for clues among her mother-in-law’s papers. But the mystery she sought to uncover only deepened with the sudden appearance of a man whose mere presence sent shivers of excitement coursing through her. What could this dangerously seductive man who moved with a courtier’s charm and brandished an assassin’s skill want with someone as ordinary as she was? <br><br>But to Owen D’Arcy, the bewitching young woman he’d been assigned to ensnare was anything but ordinary. With a single kiss, the sophisticated spy found that he’d been unexpectedly disarmed. Determined to seduce her on his own terms, Owen offered Pen a devil’s bargain she had no choice but to accept. Now they would both go undercover, only to find themselves drawn into a world of deception and double cross, where anyone could be the deadliest of enemies--and their own uncontrolled passion the most dangerous threat of all.","Fiction, Romance, Historical, Medieval, Suspense, Action & Adventure","Fiction, Romance, Historical",en,432.0,Mass Market Paperback,https://images.isbndb.com/covers/2021613482385.jpg,,0.6732446,False
11857,0515116246,The Nightingale Legacy,Catherine Coulter,1995,Jove Books,<b> An exhilarating Regency romance from the #1 <i>New York Times</i> bestselling author. </b><br><br> The second novel in Catherine Coulter's acclaimed Legacy trilogy.,"Fiction, Romance, Historical, Regency, Suspense","Fiction, Romance, Historical",en,464.0,Mass Market Paperback,https://images.isbndb.com/covers/10554343482371.jpg,,0.6729978,False
4471,0684849690,The SECRET DIARY OF ANNE BOLEYN,Robin Maxwell,1998,Touchstone,"In this ""energetic"" <i>(Kirkus Reviews)</i> re-creation of Anne Boleyn's tragic life -- and death -- Robin Maxwell offers a pitch-perfect version of a bawdy and exuberant time filled with lust, betrayal, love, and murder. <br> When the young Queen Elizabeth I is entrusted with Anne Boleyn's secret diary, she discovers a great deal about the much-maligned mother she never knew. And on learning the truth about her lascivious and despotic father, Henry VIII, she vows never to relinquish control to any man. But this avowal doesn't prevent Elizabeth from pursuing a torrid love affair with her horsemaster, Robin Dudley -- described with near-shocking candor -- as too are Anne's graphic trysts with a very persistent and lustful Henry. Blending a historian's attention to accuracy with a novelist's artful rendering, Maxwell weaves compelling descriptions of court life and devastating portraits of actual people into her naughty, page-turning tale. The result is a masterpiece of historical fiction -- so prophetic of our time that one would think it were ripped from today's headlines.","Fiction, Historical, Renaissance, Romance, Tudor, Women","Fiction, Historical, Renaissance",en,288.0,Paperback,https://images.isbndb.com/covers/22741413482431.jpg,,0.6727618,False
6244,0385491107,Life Before Man,Margaret Atwood,1998,Anchor Books/Doubleday,"A particularly complicated love triangle sets this poetic novel in motion—from the bestselling author of The Handmaid's Tale and The Testaments<br/><br/>Elizabeth and Nate, though habitually unfaithful to each other, have remained married for more than a decade. But after Elizabeth’s latest lover commits suicide, she emerges from her grief to find that her gentle, indecisive husband is on the verge of leaving her. He has become enamored of Lesje, a young paleontologist and perennial innocent who seems to prefers dinosaur fossils to humans. Elizabeth sets her sights on Lesje’s live-in boyfriend, William, and the ensuing emotional maelstrom threatens to upend all of their lives. Blending painful honesty with cutting satire, Margaret Atwood give us characters whose haunting dilemmas linger long after the final page.","CANADIAN FICTION (FICTIONAL WORKS BY ONE AUTHOR), MAN-WOMAN RELATIONSHIPS_FICTION, MARRIED PEOPLE_FICTION","CANADIAN FICTION (FICTIONAL WORKS BY ONE AUTHOR), MAN-WOMAN RELATIONSHIPS_FICTION, MARRIED PEOPLE_FICTION",en,384.0,Paperback,https://images.isbndb.com/covers/6249303482325.jpg,,0.6721351,False
4721,0515111317,The Heiress Bride (Bride Trilogy (Paperback)),Catherine Coulter,2001,Jove Books,"<b>The third Bride novel is a charm—from the #1 <i>New York Times </i>bestselling author.<br><br></b>Sinjun Sherbrooke is bored with the London season, until she spies Colin Kinross across a crowded dance floor—and offers to be his bride...<br><br>The Sherbrooke series also includes <i>The Sherbrooke Bride</i>, <i>The Hellion Bride</i>, <i>The Scottish Bride</i>, <i>Mad Jack</i>, <i>The Courtship,</i> <i>Pendragon,</i> <i>The Sherbrooke Twins</i>, <i>Lyon's Gate</i>, <i>Wizard's Daughter</i>, and <i>Prince of Ravenscar</i>.","Fiction, Romance, Historical, Regency, Short Stories (single author), Suspense","Fiction, Romance, Historical",en,416.0,Mass Market Paperback,https://images.isbndb.com/covers/10505073482371.jpg,,0.6717155,False
3656,0140449124,Madame Bovary,Gustave Flaubert,2003,Penguin Books,"<b>The notorious and celebrated novel that established modern realism</b><br> <br>For this novel of French bourgeois life in all its inglorious banality, Flaubert invented a paradoxically original and wholly modern style. His heroine, Emma Bovary, a bored provincial housewife, abandons her husband to pursue the libertine Rodolphe in a desperate love affair. A succès de scandale in its day, <b>Madame Bovary</b> remains a powerful and scintillating novel.<br><br>This Penguin Classics edition is translated with notes and an introduction by Geoffrey Wall. It includes a preface by Michele Roberts. <br><br>For more than seventy years, Penguin has been the leading publisher of classic literature in the English-speaking world. With more than 1,700 titles, Penguin Classics represents a global bookshelf of the best works throughout history and across genres and disciplines. Readers trust the series to provide authoritative texts enhanced by introductions and notes by distinguished scholars and contemporary authors, as well as up-to-date translations by award-winning translators.","Fiction, Classics, Literary, Romance","Fiction, Classics, Literary",en,384.0,Paperback,https://images.isbndb.com/covers/27379063482237.jpg,,0.6712234,False
1347,0142001805,The Eyre Affair: A Novel,Jasper Fforde,2003,Penguin Books,"<b><i>NEW YORK TIMES </i>BESTSELLER • The first novel in the renowned Thursday Next series, which “combines elements of Monty Python, Harry Potter, Stephen Hawking, and <i>Buffy the Vampire Slayer</i>” (<i>The Wall Street Journal</i>).</b><br><b> </b><br><b>“A literary wonderland [that] recalls Douglas Adams’ Hitchhiker series [and] the works of Lewis Carroll.”—<i>USA Today</i></b><br><b> </b><br>Meet Thursday Next, “part Bridget Jones, part Nancy Drew, and part Dirty Harry” (Michiko Kakutani, <i>The New York Times</i>), a literary detective without equal, fear, or boyfriend—and welcome to a surreal version of Great Britain, circa 1985, where time travel is routine, cloning is a reality (dodos are the resurrected pet of choice), and literature is taken very, very seriously. England is a virtual police state where an aunt can get lost (literally) in a Wadsworth poem, militant Baconians heckle performances of <i>Hamlet</i>, and forging Byronic verse is a punishable offense. All this is business as usual for Thursday, renowned Special Operative in literary detection, until someone begins kidnapping characters from works of literature.<br> <br>When Jane Eyre is plucked from the pages of Brontë’s novel, Thursday must track down the villain and enter a novel herself to avert a heinous act of literary homicide.<br><b> </b><br><b>Don’t miss any of Jasper Fforde’s delightfully entertaining Thursday Next novels:</b><br>THE EYRE AFFAIR • LOST IN A GOOD BOOK • THE WELL OF LOST PLOTS • SOMETHING ROTTEN • FIRST AMONG SEQUELS • ONE OF OUR THURSDAYS IS MISSING • THE WOMAN WHO DIED A LOT","Fiction, Mystery & Detective, Women Sleuths, Alternative History, Fantasy, Historical","Fiction, Mystery & Detective, Women Sleuths",en,400.0,Paperback,https://images.isbndb.com/covers/14820043482238.jpg,,0.6710417,False
11328,0671739794,Twin Of Fire,Jude Deveraux,1991,Pocket,"<b>A steamy historical romance from the bestselling author of <i>The Summerhouse</i>, <i>Temptation</i>, and <i>Sweet Liar</i>.</b><br><br>Jude Deveraux entwines the frontier adventures of two unforgettable sisters—demure beauty Houston Chandler and her independent, hot-tempered twin Blair—who discover heartfelt passions as powerfully and compelling as ice and fire...<br> <br>While dreaming of practicing medicine, Blair falls in love with her placid sister's fianceé, himself a doctor. Blair's impetuous spirit has won her a medical degree in a man's world—and captured Lee Westfield's heart. But even as the couple's ardor grows, there are nights when Lee disappears only to return exhausted, haunted. His silence imperils their love—but the truth would imperil her <i>life.</i>","Fiction, Romance, Historical","Fiction, Romance, Historical",en,384.0,Mass Market Paperback,https://images.isbndb.com/covers/3985663482427.jpg,,0.67036366,False
7463,0553584901,Shady Lady,ELIZABETH THORNTON,2004,Bantam,"<b>Bestselling author Elizabeth Thornton weaves a tale of seduction, love, intrigue—and the most dangerous of romances.<br>  </b><br> As the <i>Avon Journal</i>’s no-nonsense publisher, Jolie Chesney always sticks to the facts. And the fact is that she finds the celebrated war hero who comes to her office angrily demanding a retraction unsettlingly charismatic. Waldo Bowman’s wild sexual exploits have found their way into the paper’s gossip column, and Jo has no intention of compromising her standards, journalistic or otherwise. But when her star reporter suspiciously vanishes, Jo seeks help from this dangerously sensual man, whose connection to the Special Branch may save her friend’s life, even if it means putting her own life—and heart—on the line.<br><br>Waldo Bowman senses danger in his instant attraction to Jo. Beautiful and independent, she is unlike any woman he knows—and he’s determined not to lose her, whatever the risk. For soon, these reluctant lovers will embark on a mystery that will either change their lives—or end them.","Fiction, Romance, Historical, Regency, Suspense","Fiction, Romance, Historical",en,384.0,Mass Market Paperback,https://images.isbndb.com/covers/2039903482385.jpg,,0.6702996,False
4892,0140620850,Vanity Fair (Penguin Popular Classics),William Makepeace Thackeray,1994,Penguin Books Ltd,"Vanity Fair, Thackeray's panoramic, satirical saga of corruption at all levels of English society, was published in 1847 but set during the Napoleonic Wars. It chronicles the lives of two women who could not be more different: Becky Sharp, an orphan whose only resources are her vast ambitions, her native wit, and her loose morals; and her schoolmate Amelia Sedley, a typically naive Victorian heroine, the pampered daughter of a wealthy family. Becky's fluctuating fortunes eventually bring her to an affair with Amelia's dissolute husband; when he is killed at Waterloo, Amelia and her child are left penniless, while Becky and her husband Rawdon Crawley rise in the world, managing to lead a high life in London solely on the basis of their shrewdness. (The chapter entitled ""How to Live on Nothing"" is a classic.) Thackeray's subtitle, ""A Novel Without a Hero,"" is understating the case; his view of humanity in this novel is distinctly bleak and deliberately antiheroic. Critics of the time misunderstood the book, decrying it as (among other things) vicious, vile, and odious. But VANITY FAIR has endured as one of the great comic novels of all time, and a landmark in the history of realism in fiction.","Literature & Fiction, Classics, World Literature, British & Irish","Literature & Fiction, Classics, World Literature",en,672.0,Paperback,https://images.isbndb.com/covers/1010543482238.jpg,,0.67008317,False
4460,0553212737,Emma,JANE AUSTEN,1984,Bantam,"<b>Emma</b><i>,</i> first published in 1816, was written when Jane Austen was at the height of her powers. In a novel remarkable for its sparkling wit and modernity, Austen presents readers with two of literature’s greatest comic creations—the eccentric Mr. Woodhouse and that quintessential bore, Miss Bates. Here, too, we have what may well be Jane Austen’s most profound characterization: the witty, imaginative, self-deluded Emma, a heroine the author declared “no one but myself will much like,” but who has been much loved by generations of readers. Delightfully funny, full of rich irony, <b>Emma</b> is regarded as one of Jane Austen’s finest achievements.","Fiction, Classics, Literary, Historical","Fiction, Classics, Literary",en,432.0,Mass Market Paperback,https://images.isbndb.com/covers/26403943482384.jpg,,0.6698096,False
14282,0312961235,Wild Mountain Thyme,Rosamunde Pilcher,1996,St. Martin's Press,"<p>When you read a novel by Rosamunde Pilcher you enter a special world where emotions sing from the heart. A world that lovingly captures the ties that bind us to one another-the joys and sorrows, heartbreaks and misunderstandings, and glad, perfect moments when we are in true harmony. A world filled with evocative, engrossing, and above all, enjoyable portraits of people's lives and loves, tenderly laid open for us...</p><p>Oliver Dobbs was a writer first, and a man second. To him other people were tools. Even though he had broken Victoria Bradshaw's heart once, when he arrived on her doorstep with a two-year-old son, she found she could not refuse him, and the three of them set out for a castle in Scotland. There, Victoria meets the new laird and finds her crushed spirit awakening.</p>","Fiction, Literary, Romance, Contemporary, Women","Fiction, Literary, Romance",en,294.0,Mass Market Paperback,https://images.isbndb.com/covers/11181163482299.jpg,,0.66967225,False
83,0330332775,Bridget Jones's Diary,Helen Fielding,1997,Picador (UK),"<i>Bridget Jones's Diary</i> was first published in 1996 and applauded by critics from Salman Rushdie to Jilly Cooper. A number one best-seller, Helen Fielding's book has sold over fifteen million copies worldwide and has been turned into an Academy Award-nominated film starring Renee Zellweger, Colin Firth and Hugh Grant. <i>Bridget Jones's Diary</i> is followed by <i>Bridget Jones: The Edge of Reason</i> and <i>Bridget Jones: Mad About the Boy.</i> Bridget Jones is everyone's favourite spinster. In <i>Bridget Jones's Diary</i> she documents her struggles through the social minefield of her 30s and tries to weigh up the eternal question: Daniel Cleaver of Mark Darcy? She is supported through the whole process by four indispensable friends, Shazzer, Jude, Tom and a bottle of chardonnay. A dazzling urban satire of modern relationships? An ironic, tragic insight into the demise of the nuclear family? Or the confused ramblings of a pissed thirty-something?","Literature & Fiction, Contemporary","Literature & Fiction, Contemporary",en,310.0,Paperback,https://images.isbndb.com/covers/16381793482305.jpg,,0.669321,False
3257,0553586181,The Bachelor List,JANE FEATHER,2004,Bantam,"<b>In this exhilarating new trilogy from <i>New York Times</i> bestselling author Jane Feather, a trio of spirited sisters secretly run a thriving matchmaking service. But these three good catches of impeccable pedigree have little interest in matrimony themselves—until, one by one, they meet their matches.</b><br><br> Constance Duncan may be the eldest of three sisters, but she has more important things on her mind than finding a husband—for herself, at any rate. Through the Personals services of her popular newspaper, The Mayfair Lady, Constance connects lonely hearts. But her own heart lies in her work, and nothing will distract her from it—until she finds herself irresistibly drawn to a man of disastrously different views. Max Ensor is a politician whose outmoded attitudes outrage her—even as his powerful presence intrigues her. Clearly there is only one thing to do with such an exasperating man: convert him! Little does Constance know that Max has the same plan in mind for her. . . . What follows is a fiercely passionate duel in which two headstrong people discover that, differences or not, sometimes one gender cannot—will not—do without the other.","Fiction, Romance, Historical, 20th Century, Action & Adventure, Romantic Comedy","Fiction, Romance, Historical",en,368.0,Mass Market Paperback,https://images.isbndb.com/covers/2052683482385.jpg,,0.66911215,False
4789,0449206440,The Crystal Cave,Mary Stewart,1989,Fawcett Books,"Mary Stewart tells the Arthurian legend in her own unique way, bringing to life one of the world's greatest legends and mysteries, shedding a fascinating new light on the turbulence and mystery of fifth-century Britain. An enthralling work, Ms. Stewart once again reveals those qualities of suspense and romantic adventure that have made her one of the world's most widely read novelists.<br>""A master storyteller.""<br>Best Sellers",Fiction,Fiction,en,384.0,Mass Market Paperback,https://images.isbndb.com/covers/25515343482347.jpg,,0.66889524,False
11274,0373834799,Season For Scandal,Stephanie Laurens,2001,Harlequin,This special volume contains two full-length novels that tell the stories of two English noblemen who pursue true love among scandal and danger during the Regency period in England. Includes the stories Tangled Reins and Fair Juno.,"Fiction, Romance, Contemporary, Historical, Regency","Fiction, Romance, Contemporary",en,472.0,Paperback,https://images.isbndb.com/covers/2029333482321.jpg,,0.66871977,False
8489,0553277464,Beaches,Iris Rainer Dart,1990,Bantam Books,"The powerful novel of two strikingly different women--and the extraordinary friendship that binds them together through thirty years of drama and excitement, free-spirited joy and shattering tragedy.",Fiction,Fiction,en,324.0,Mass Market Paperback,https://images.isbndb.com/covers/27051273482384.jpg,,0.6682341,False
14321,0373242026,"Winning Hand (Silhouette Special Edition , No 1202)",Nora Roberts,1998,Silhouette,"In one exraordinary moment, Darcy Wallace was transformed from being down-on-her-luck into a millionaire sharing candlelight dinners with Robert MacGregor Blade. Mac was the most seductive man she ever met -- though he certainly wasn't the marrying kind. But Darcy was feeling lucky...So with searching kisses and aching vulnerability, the innocent beauty set about making the stubborn bachelor see that love was the biggest gamble -- and he was going to have to ante up!","Fiction, Romance, Contemporary","Fiction, Romance, Contemporary",en,249.0,Paperback,https://images.isbndb.com/covers/24187433482320.jpg,,0.6676994,False
2012,0515131229,Dance upon the Air (Three Sisters Island Trilogy),Nora Roberts,2003,Jove Books,"<b>#1<i> New York Times </i>bestselling author Nora Roberts—hailed by <i>Publishers Weekly </i>as “a storyteller of immeasurable diversity and talent”—presents the first book in a trilogy about friendship, fate, and the mysterious ways of the heart.</b><br><br>When Nell Channing arrives on charming Three Sisters Island, she believes that she’s finally found refuge from her abusive husband—and from the terrifying life she fled so desperately eight months ago…<br><br>But even in this quiet, peaceful place, Nell never feels entirely at ease. Careful to conceal her true identity, she takes a job as a cook at the local bookstore café—and begins to explore her feelings for the island sheriff, Zack Todd. But there is a part of herself she can never reveal to him, for she must continue to guard her secrets if she wants to keep the past at bay. One careless word, one misplaced confidence, and the new life she’s so carefully created could shatter completely. <br><br>Just as Nell starts to wonder if she’ll ever be able to break free of her fear, she realizes that the island suffers under a terrible curse—one that can only be broken by the descendants of the Three Sisters, the witches who settled the island back in 1692. And now, with the help of two other strong, gifted women—and the nightmares of the past haunting her every step—she must find the power to save her home, her love, and herself.<br><b><br>Don’t miss the other books in the Three Sisters Island Trilogy<br><i>Heaven and Earth<br>Face the Fire</i></b>","Fiction, Romance, Contemporary, Paranormal, Women","Fiction, Romance, Contemporary",en,400.0,Mass Market Paperback,https://images.isbndb.com/covers/10704133482371.jpg,,0.66768503,False
2316,1853260193,Vanity Fair (Wordsworth Collection),William Makepeace Thackeray,1998,NTC/Contemporary Publishing Company,"Vanity Fair, Thackeray's panoramic, satirical saga of corruption at all levels of English society, was published in 1847 but set during the Napoleonic Wars. It chronicles the lives of two women who could not be more different: Becky Sharp, an orphan whose only resources are her vast ambitions, her native wit, and her loose morals; and her schoolmate Amelia Sedley, a typically naive Victorian heroine, the pampered daughter of a wealthy family. Becky's fluctuating fortunes eventually bring her to an affair with Amelia's dissolute husband; when he is killed at Waterloo, Amelia and her child are left penniless, while Becky and her husband Rawdon Crawley rise in the world, managing to lead a high life in London solely on the basis of their shrewdness. (The chapter entitled ""How to Live on Nothing"" is a classic.) Thackeray's subtitle, ""A Novel Without a Hero,"" is understating the case; his view of humanity in this novel is distinctly bleak and deliberately antiheroic. Critics of the time misunderstood the book, decrying it as (among other things) vicious, vile, and odious. But VANITY FAIR has endured as one of the great comic novels of all time, and a landmark in the history of realism in fiction.","Fiction, Classics, Literary","Fiction, Classics, Literary",en,951.0,Paperback,https://images.isbndb.com/covers/23157803482847.jpg,,0.66743374,False
11481,0140430741,Northanger Abbey (English Library),Jane Austen,1972,Penguin USA,"Review      Novel by Jane Austen, published posthumously in 1817. Northanger Abbey, which was published with Persuasion in four volumes, was written about 1798 or 1799, probably under the title ""Susan."" In 1803 the manuscript of ""Susan"" was sold to the publisher Richard Crosby, who advertised for it, but unaccountably it was not published at that time. The novel combines a satire on conventional novels of polite society with one on gothic tales of terror. Catherine Morland, the daughter of a country parson, is the innocent abroad who gains worldly wisdom: first in the fashionable society of Bath and then at Northanger Abbey itself, where she learns not to interpret the world through her reading of gothic thrillers. -- The Merriam-Webster Encyclopedia of Literature","BRITISH AND IRISH FICTION (FICTIONAL WORKS BY ONE AUTHOR), ENGLAND_FICTION, YOUNG WOMEN_FICTION","BRITISH AND IRISH FICTION (FICTIONAL WORKS BY ONE AUTHOR), ENGLAND_FICTION, YOUNG WOMEN_FICTION",en,256.0,Paperback,https://images.isbndb.com/covers/27195223482237.jpg,,0.6669965,False
12163,0515124206,Mad Jack,Catherine Coulter,1999,Jove Books,"<b>The fifth book in the Bride Saga from the #1 <i>New York Times</i> bestselling author.</b><br><br>Winifrede disguises herself as a male valet to Grayson St. Cyre’s aunts, but when Grayson discovers the truth, he uncovers feelings he never imagined<br>he possessed.","Fiction, Romance, Historical, Regency, Humorous","Fiction, Romance, Historical",en,352.0,Mass Market Paperback,https://images.isbndb.com/covers/10633913482371.jpg,,0.6658125,False
6860,0553291955,The Thin Woman,Dorothy Cannell,1992,Crimeline,"<b>In the delectable debut that earned her instant acclaim, award-winning author Dorothy Cannell serves up a murder mystery to be savored. . . <br><br></b>Ellie Simons longs to be thin—and married. But with her single-minded passion for éclairs and clotted cream, her prospects on both counts seem dim. That's why the summons to attend a family reunion at the old ancestral home is about as welcome as a snakebite. How <i>can</i> she show up with her embarrassingly full figure in her humble unmarried state and keep her chins up? Enter Bentley T. Haskell of Eligibility Escorts, a devastatingly attractive writer of smutty novels who also cooks like a dream. With Bentley posing as her besotted beau, Ellie feels brave enough to beard her batty relations in their den. . . .<br><br>But mouldering Merlin's Court is nothing like Ellie remembers, and with her wretchedly beautiful cousin Vanessa making eyes at Ben, and her malevolent old uncle Merlin popping up in the most unexpected places, it's enough to put Ellie off her food. And the best—and worst—is yet to come, as the weekend leads to sudden death, unexpected romance, and a treasure hunt that promises epicurean Ellie wealth, hearth, and happiness . . . if she survives.<br><br><b>Praise for <i>The Thin Woman</i></b><br><br>“[Dorothy] Cannell makes a delicious debut; discriminatory whodunit fans will want more of her inventions.”<b>—<i>Publishers Weekly<br></i></b><br>“A likable debut—combining fairy-tale romance, treasure hunts, and a homicidal mania.”<b>—<i>Kirkus Reviews</i></b>","Fiction, Mystery & Detective, Traditional, Women Sleuths, Romance, Suspense","Fiction, Mystery & Detective, Traditional",en,288.0,Mass Market Paperback,https://images.isbndb.com/covers/27196213482384.jpg,,0.6655508,False
4260,0141439556,Wuthering Heights (Penguin Classics),Emily Bronte,2003,Penguin Books,"<b>Coming soon to the big screen is Emerald Fennell’s feature film “<i>Wuthering Heights</i>,” which captures the spirit of this epic love story and stars Margot Robbie and Jacob Elordi as Catherine and Heathcliff.<br></b><br>Emily Brontë's only novel endures as a work of tremendous and far-reaching influence. The Penguin Classics edition is the definitive version of the text, edited with an introduction by Pauline Nestor.<br><br>Lockwood, the new tenant of Thrushcross Grange, situated on the bleak Yorkshire moors, is forced to seek shelter one night at Wuthering Heights, the home of his landlord. There he discovers the history of the tempestuous events that took place years before. What unfolds is the tale of the intense love between the gypsy foundling Heathcliff and Catherine Earnshaw. Catherine, forced to choose between passionate, tortured Heathcliff and gentle, well-bred Edgar Linton, surrendered to the expectations of her class. As Heathcliff's bitterness and vengeance at his betrayal is visited upon the next generation, their innocent heirs must struggle to escape the legacy of the past. <br><br>In this edition, a new preface by Lucasta Miller, author of <i>The Brontë Myth</i>, looks at the ways in which the novel has been interpreted, from Charlotte Brontë onwards. This complements Pauline Nestor's introduction, which discusses changing critical receptions of the novel, as well as Emily Brontë's influences and background.","Fiction, Classics, Literary, Gothic","Fiction, Classics, Literary",en,416.0,Paperback,https://images.isbndb.com/covers/9197543482238.jpg,,0.665429,False
9597,0671737805,Gentle Warrior,Julie Garwood,1990,Pocket,"<b>From <i>New York Times</i> bestselling author and queen of romance Julie Garwood comes this classic novel of a medieval lady who risks everything to win a champion’s heart.</b><br><br>In feudal England, Elizabeth Montwright barely escaped the massacre that destroyed her family and exiled her from her ancestral castle. Now, bent on revenge, she rides again through the fortress gates, disguised as a peasant…to seek aid from Geoffrey Berkley, the powerful baron who had routed the murderers.<br> <br>He hears her pleas, resists her demands, and vows to seduce his beautiful subject. Yet as Elizabeth fights the warrior’s caresses, love flames for this gallant man who must soon champion her cause…and capture her spirited heart.","Fiction, Romance, Historical","Fiction, Romance, Historical",en,320.0,Mass Market Paperback,https://images.isbndb.com/covers/3965683482427.jpg,,0.6639761,False
7444,0451205804,Hazard,Jo Beverley,2002,Signet Book,"<p>You've never met a heroine like Lady Anne Peckworth. The sheltered daughter of a duke, she has always been a perfect lady, even when jilted. Twice. Now, however, she's angry, and she's angry at the single most reckless, most irresponsible, most irresistible man she's ever known...</p> <p>You've never met a hero like Race de Vere. Far below Anne's station in life, he has invaded her orderly world like a pirate, tempting her to the edge and beyond. He leads her into impropriety, into wickedness, and then into the most dangerous step of all - the adventure that could win or lose her everything in one hazardous night....<br> </p>","Fiction, Romance, Historical, Regency","Fiction, Romance, Historical",en,374.0,Paperback,https://images.isbndb.com/covers/17423113482348.jpg,,0.6636338,False
5616,0671689711,The Duchess,Jude Deveraux,1991,Pocket Books,"With more than 20 million copies of her books in print, Jude Deveraux is an established, well-loved storyteller. Pocket Books celebrates her ten years of compelling bestsellers with an absorbing tale set in 19th-century Scotland. Beautiful heiress Claire Willoughby travels to Bramley Castle to visit her fiance, and is compulsively drawn to his brooding cousin, Trevelyan. A magical love story not soon forgotten.","Fiction, Romance, Historical","Fiction, Romance, Historical",en,316.0,Hardcover,https://images.isbndb.com/covers/3484783482427.jpg,,0.66357607,False
12175,067103412X,Wicked,Jill Barnett,1999,Pocket,"Nobody writes a love story as unique and magical as New York Times bestselling author Jill Barnett. Now she sweeps us away to the pageantry of medieval England, where a strong-willed knight must fight the battle of his life to win a stubborn lady. Lady Soria Beatrice Rosalynde Anne Therese Howard has had as many suitors as she has names. But she's spurned every last one of them, to the dismay of her guardian, King Edward I. Now, even increasing her dower prize will not lure offers for the defiant, but lonely, Sofia, whose young heart was once broken by a too-arrogant knight. Sir Tobin de Clare is the man who broke her heart, and he must make amends for a careless act from the past. Nothing will stop this ruthless warrior from winning her hand. Nothing, that is, except Sofia's tattered pride and her demand that he also surrender his heart. In a rousing battle of will and wit that makes war seem peaceful, one powerfully determined knight and his spirited lady find that love at first sight is never, ever easy.","Fiction, Romance, Historical","Fiction, Romance, Historical",en,387.0,Paperback,https://images.isbndb.com/covers/25014683482426.jpg,,0.66344833,False
4151,055358068X,The Least Likely Bride,Jane Feather,2000,Bantam,"<b>The third novel in the captivating Brides Trilogy, in which three unconventional young women vow they will never marry--only to be overtaken by destiny. </b><br> <br> One moment Lady Olivia Granville is strolling along a path, her nose buried in a tome of Greek philosophy; the next she is plunging down a rocky cliff. When she regains consciousness, she is naked and unwittingly trapped on a pirate ship. Her captor, though, is no ordinary pirate. Wickedly handsome, disturbingly mysterious, the grey-eyed master of the Wind Dancer is both a physician and an artist, and admits to making his living from the sea.<br> <br> Most disconcerting of all, when he turns his glittering eyes on her, he sees not the stammering, hopelessly bookish young girl Olivia has always been, but a passionate, beautiful woman who can, if she chooses, embark on the adventure and the love of a lifetime.<br> <br> <b>Don't miss the other novels in Jane Feather's captivating Brides Trilogy:</b><br> <b>THE HOSTAGE BRIDE | THE ACCIDENTAL BRIDE | THE LEAST LIKELY BRIDE</b>","Fiction, Romance, Historical, Suspense, Action & Adventure","Fiction, Romance, Historical",en,416.0,Mass Market Paperback,https://images.isbndb.com/covers/1997713482385.jpg,,0.66299367,False
11707,0140620435,The Tenant of Wildfell Hall (Penguin Popular Classics),Anne Bronte,1994,Penguin Books Ltd,"Published in June 1848, less than a year before her death, Anne Bronte's second (and last) novel, The Tenant of Wildfell Hall, is the somber account of the breakdown of a marriage in the face of alcoholism and infidelity. The novel enjoyed a modest success that led its publisher, theunscrupulous T.C. Newby, to issue a ""Second Edition"" less than two months later. The present edition, which completes the Clarendon Edition of the Novels of the Brontes, offers a text based on the collation of the first edition with the second. The introduction details the work's composition andearly printing history, including its first publication in America; and the text is fully annotated. Appendices record the substantive variants in the first English and American editions, and discuss the author's belief in the doctrine of universal salvation.","Literature & Fiction, Literary","Literature & Fiction, Literary",en,377.0,Paperback,https://images.isbndb.com/covers/1006343482238.jpg,,0.66100436,False
1435,0515114693,Born in Fire,Nora Roberts,1994,Jove Books,"<b>#1 <i>New York Times</i> bestselling author Nora Roberts presents the first novel in the Irish Born Trilogy—featuring three modern sisters bound by the timeless beauty of Ireland.<br><br></b>Margaret Mary, the eldest Concannon sister, is a glass artist with an independent streak as fierce as her volatile temper. Hand-blowing glass is a difficult and exacting art, and while she may produce the delicate and the fragile, Maggie is a strong and opinionated woman, a Clare woman, with all the turbulence of that fascinating west country.<br><br> One man, Dublin gallery owner Rogan Sweeney, has seen the soul in Maggie’s art, and vows to help her build a career. When he comes to Maggie’s studio, her heart is inflamed by their fierce attraction—and her scarred past is slowly healed by love…<br><br><br><b>Don't miss the other books in the Irish Born Trilogy</b><br><i><b>Born in Ice</b></i><br><i><b>Born in Shame </b></i>","Fiction, Romance, Contemporary, Women","Fiction, Romance, Contemporary",en,416.0,Mass Market Paperback,https://images.isbndb.com/covers/10538813482371.jpg,,0.6609856,False
6938,0345356535,Sick of Shadows,Sharyn McCrumb,1989,Ballantine Books,"The book that started it all for Edgar Award winner Sharyn McCrumb's widely acclaimed series featuring amateur sleuth Elizabeth MacPherson.<br> When delicate Eileen Chandler is set to marry, her family fears the man is a fortune hunter. Thank goodness, Eileen's cousin Elizabeth MacPherson comes early for support. Unfortunately, Elizabeth also has some detecting to do, as a dead body is found, and none of the wedding party is above suspicion....<br> ""A good deal of suspense...McCrumb writes with a sharp-pointed pen.""<br> LOS ANGELES TIMES","Fiction, Mystery & Detective, Women Sleuths, Thrillers, Suspense","Fiction, Mystery & Detective, Women Sleuths",en,236.0,Paperback,https://images.isbndb.com/covers/26190463482310.jpg,,0.6608773,False
370,0670892963,Bridget Jones : The Edge of Reason,Helen Fielding,2000,Viking Books,"Bridget's new relationship with Mark Darcy should have improved her self-confidence, but the difficult adjustments of sharing an apartment and Rebecca's eagerness to cause trouble are making Bridget more uncertain than ever","JONES, BRIDGET (FICTITIOUS CHARACTER)_FICTION, FICTION_HUMOROUS_GENERAL, FICTION_WOMEN, ENGLAND_FICTION, SINGLE WOMEN_FICTION","JONES, BRIDGET (FICTITIOUS CHARACTER)_FICTION, FICTION_HUMOROUS_GENERAL, FICTION_WOMEN",en,352.0,Hardcover,https://images.isbndb.com/covers/23603153482426.jpg,,0.6602706,False
7440,0451208072,St. Raven,Jo Beverley,2003,Signet Book,"From the <b>New York Times</b> bestselling author of <b>Hazard</b>—a sizzling and sensual novel of fortune and fate…<p> </p><p><b>A Lady with a Quest…</b></p><p>Cressida Mandeville agrees to Lord Crofton’s vile proposal, but secretly she has other plans. She will trick the loathsome man, find her father’s hidden wealth, and save her family from ruin. All goes well, until a daring highwayman stops their carriage, whirls Cressida up onto his dark horse, and demands a kiss….</p> <b>A Duke with a Conscience…</b><p>Tristan Tregallows, Duke of St. Raven, doesn’t plan to rescue a damsel in distress, but he can hardly leave an innocent in Crofton’s power. One kiss confirms his prisoner’s innocence, but instead of grateful, she is furious. When he discovers that Cressida is on a quest, one that will take her into the darkest parts of Regency society, St. Raven knows he must become her partner and protector. But he doesn’t expect the dangers to his heart….</p>","Fiction, Romance, Historical, Regency","Fiction, Romance, Historical",en,384.0,Mass Market Paperback,https://images.isbndb.com/covers/17445793482348.jpg,,0.65941095,False
3161,0399147195,P Is for Peril (Kinsey Millhone Mysteries (Hardcover)),Sue Grafton,2001,Putnam Publishing Group,"She's every lover's feisty girlfriend. <p>She's every father's courageous daughter.</p> <p>She's every woman's tough, vulnerable, and spirited alter ego.</p> <p>She's Kinsey Millhone, familiar to millions of readers around the globe, and she's back in full stride in <b>P is for Peril</b>, her latest venture into the darker side of the human soul. Mordant, mocking, and deceptively low-key, hers is a voice we know we can trust, from a character we've come to love.</p> <p>Through fifteen novels, <b>Sue Grafton</b> has gone from strength to strength, never writing the same book twice. So it's no surprise that she has taken on new territory in her sixteenth, this time entering the world of noir. It's a world cast in shades of black amid shafts of steel and silver, a shadow land in which the mysterious disappearance of a prominent physician leads Kinsey into a danger-filled maze of duplicity and double-dealing as she taps into the intricacies of a cunning Medicare fraud.</p> <p><b>P is for Peril</b>: the novel in which Millhone stakes her life on a thin thread of intuition because the facts glint elusively out of reach and only guesses offer any shot at the truth.</p> <p>&quot;Unlike many detective series, Grafton's seems only to get better each time out,&quot; wrote <b>Entertainment Weekly</b>, and <b>P is for Peril</b> is a case in point. Pushing herself, reaching further with each new book, Sue Grafton delivers every time.</p>","Fiction, Mystery & Detective, Women Sleuths","Fiction, Mystery & Detective, Women Sleuths",en,352.0,Hardcover,https://images.isbndb.com/covers/2381273482330.jpg,,0.6594094,False
3337,0312303467,Bet Me,Jennifer Crusie,2004,St. Martin's Press,"This is <i>New York Times </i>and <i>USA Today</i> bestselling author Jennifer Crusie's novel about long shots, risk management, true love, and great shoes. . . .<br><br>Minerva Dobbs knows how to work the odds.<br>Calvin Morrisey always plays to win. <br><br>But when they face off, neither one is prepared.<br>Because when real life meets true love, all bets are off. . . . <br><br>Minerva Dobbs knows that happily-ever-after is a fairy tale, especially with a man who asked her to dinner to win a bet, even if he is gorgeous and successful Calvin Morrisey. Cal knows commitment is impossible, especially with a woman as cranky as Min Dobbs, even if she does wear great shoes and keep him on his toes. When they say good-bye at the end of their evening, they cut their losses and agree never to see each other again. <br><br>But fate has other plans, and it's not long before Min and Cal meet again. Soon they're dealing with a jealous ex-boyfriend, Krispy Kreme doughnuts, a determined psychologist, chaos theory, a freakishly intelligent cat, Chicken Marsala, and more risky propositions than either of them ever dreamed of. Including the biggest gamble of all---true love. <i>Bet Me </i>is the winner of a 2005 RITA Award.","Fiction, Humorous, Romance, Contemporary, Romantic Comedy, Women","Fiction, Humorous, Romance",en,337.0,Hardcover,https://images.isbndb.com/covers/4603433482299.jpg,,0.6593971,False
10396,0440236940,The Secret Lover,Julia London,2002,Dell Publishing Company,"Julia London captivated readers and critics alike with her acclaimed Rogues of Regent Street trilogy. Now the nationally bestselling author <i>Romantic Times </i>calls “a rising star” returns with the passionate story of a man and a woman pursued by secrets, shadowed by scandal, and surprised by love…<br> <br>Eight years after fleeing England in the wake of a terrible scandal, Sophie Dane is no longer the trusting debutante betrayed by love. Now as companion to a worldly French widow, she returns to London where her arrival instantly sets tongues wagging…and attracts the roving eye of aristocratic Trevor Hamilton. But it is his mysterious brother, Caleb, in whom Sophie senses a kindred soul—and who captivates her as no other man has before. Reared on the continent, Caleb has come home to his ailing father—only to be shunned by society as a fortune-hunting imposter. Sophie, alone, seems to believe in him. But an unexpected series of events sets them both in flight once more. As scandal pursues them to a remote ancestral estate, a man and a woman haunted by the past will defy every convention on earth for a future in each other’s arms…","Fiction, Romance, Historical, Regency, Victorian, Action & Adventure","Fiction, Romance, Historical",en,400.0,Mass Market Paperback,https://images.isbndb.com/covers/20077723482344.jpg,,0.65937626,False
5349,0425190927,The Wife Test,Betina Krahn,2003,Berkley Publishing Group,"Hoping to discover her true parentage, Chloe of Guibray poses as a nun and steals onto a convoy headed for England with the four maidens chosen as brides for King Edward's nobles. But one man threatens to make the journey intolerable: Sir Hugh of Sennet, an infuriating sergeant whose masculine presence stirs her most primal marital urges.","Fiction, Romance, Historical","Fiction, Romance, Historical",en,331.0,Mass Market Paperback,https://images.isbndb.com/covers/10046393482339.jpg,,0.65907806,False
335,0671525832,Someone to Watch Over Me : A Novel,Judith McNaught,2003,Pocket,"<b>Discover the sensual and sweeping power of love in <i>New York Times </i>bestselling author Judith McNaught’s contemporary romances that will make “you laugh, cry, and fall in love again” (<i>RT Book Reviews</i>).</b><br><br>Leigh Kendall is relishing her stellar Broadway acting career in her marriage to Logan Manning, scion of an old New York family, when her husband finds the perfect mountain property for their dream house. But while driving upstate on a winter’s night, Leigh is run off the road in the midst of a blinding blizzard. When she awakes in the local hospital, seriously injured, the police inform her that her husband has mysteriously disappeared, and Leigh becomes the focus of their suspicions. The more she discovers about her husband and his business affairs, the less she realizes she knew about Logan Manning. Now, Leigh is heading deeper and deeper into unknown territory—where friends and enemies are impossible to distinguish, and the truth becomes the most terrifying weapon of all in this thrilling tale filled with unrelenting suspense, unforgettable characters, and powerful traces of greed, ambition, and desire.","Fiction, Romance, Contemporary, Suspense, Thrillers, Family Life, Marriage & Divorce, Performing Arts, Film, Television & Radio","Fiction, Romance, Contemporary",en,560.0,Mass Market Paperback,https://images.isbndb.com/covers/1846023482427.jpg,,0.65871644,False
2976,0373710267,"Charlotte Moore (Girlfriends) (Harlequin Superromance, No. 1026)",Judith Bowen,2001,Harlequin,"""Charlotte's taken the Girlfriends' challenge: Find your first love. What's he doing? How's he doing? On a business trip to Prince Edward Island--searching for antiques and folk art--Charlotte doesn't have to look very hard to find Liam Connery. But he's not what she expected. Not at all. Instead of the pilot he wanted to be, he trains and raises dogs. He's a man living a secluded existence in a rambling country house. A man with secrets. And yet--like Jane Eyre, with Liam playing the Mr. Rochester role--Charlotte's powerfully drawn to him. Falling in love, dreaming of marriage and babies and the promise of forever. A promise Liam may not be able to make ... or to keep.""--Page 4 of cover.","Fiction, Romance","Fiction, Romance",en,297.0,Mass Market Paperback,https://images.isbndb.com/covers/784043482321.jpg,,0.6584023,False
8275,0515099511,The Hellion,LaVyrle Spencer,1999,Jove Books,"<b>A classic romance from <i>New York Times</i> bestselling author LaVyrle Spencer.</b><br> <br> The image of elegance, social standing, and beauty, Rachel has barely recovered from her husband's death when the wildest, most passionate flame of her youth steps back into her life. The all-time hell-raiser of Russellville, Alabama, Tommy Lee has had three marriages behind him and a string of fast cars and women. The townsfolk say he'll never change, but Rachel knows differently.<br> <br> Once, they were high school sweethearts, too young and reckless to comprehend the consequences of their love. Now, 24 years later, Tommy Lee can still excite Rachel like no other man. Maybe this time they can make it work in spite of his wild reputation, the local gossip, and Rachel's questioning heart.","Fiction, Romance","Fiction, Romance",en,327.0,Paperback,https://images.isbndb.com/covers/10387063482371.jpg,,0.6578918,False
2841,0140014845,Lady Chatterley's Lover,D.H. Lawrence,1969,Penguin Books Ltd,"Constance Chatterley feels trapped in her sexless marriage to the invalid Sir Clifford. Unable to fulfil his wife emotionally or physically, Clifford encourages her to have a liaison with a man of their own class. But Connie is attracted instead to her husband's gamekeeper and embarks on a passionate affair that brings new life to her stifled existence. Can she find a true equality with Mellors, despite the vast gulf between their positions in society? One of the most controversial novels in English literature, ""Lady Chatterley's Lover"" is an erotically charged and psychologically powerful depiction of adult relationships.","Modern fiction, Adultery, Fiction, Fiction - General","Modern fiction, Adultery, Fiction",en,316.0,Unknown Binding,https://images.isbndb.com/covers/23036233482237.jpg,,0.6577232,False
8249,0553576038,Thursday's Child,Sandra Brown,2002,Bantam Books,"With forty-four <i>New York Times</i> bestselling novels to her credit, Sandra Brown is one of romance’s best-loved authors. She has been hailed by <i>Rendezvous</i> magazine as an author whose “larger than life heroes and heroines make you believe all the warm, wonderful, wild things in life.”<br><br>Sexy, funny, and wonderfully romantic, here is the unforgettably sensuous story of a woman too smart to fall in love — and the man determined to prove her wrong.<br><br><b>Thursday’s Child<br></b><br>Allison Leamon knew that pretending to be her identical twin sister was a bad idea. For although the two redheads looked exactly alike, they couldn’t be more different. How could a no-nonsense scientist like Allison possibly fool anyone into thinking that she was the bubbly, vivacious Annie?<br><br>Trading her sensible shoes for strappy sandals, her eyeglasses for contacts, and her lab smock for a chiffon dress, Allison was determined to try her best. Her first challenge was a dinner date with Annie’s fiancé, Davis. But what Allison didn’t expect was the presence of Davis’s best friend. <br><br>Allison was far too logical to believe in love at first sight, but there was nothing logical about the way she was responding to Spencer Raft. The dark-haired, blue-eyed mystery man had an assurance that Allison found positively maddening.<br><br>And by the end of the evening, she couldn’t help feeling that Spencer had been attracted to a carefully constructed illusion. She was certain that the handsome adventurer wouldn’t give her a second look if he knew her as she really was.<br><br>But Spencer Raft was a man of many talents — and seeing below the surface of things was one of them. He sensed the flesh-and-blood woman beneath the elaborate charade, and after years of wandering the world in search of excitement, he knew he had finally found what he had been looking for.<br><br>But first this incurable romantic had to convince an intractable skeptic that there was more to love than what she could study in a laboratory. And what better way than to propose a passionate experiment of his own?<br><br>On board his yacht, Spencer and Allison would fulfill their wildest fantasies and deepest desires; but when their blissful idyll was over, would it all prove to be no more than a pleasant interlude — or the real thing?","Fiction, Romance, Contemporary, Women, Suspense","Fiction, Romance, Contemporary",en,224.0,Mass Market Paperback,https://images.isbndb.com/covers/1951153482385.jpg,,0.657217,False
11835,0449216977,The India Fan,Victoria Holt,1996,Ivy Books,"""A mesmerizing story of blackmail, romance, and deception.""<br>ASSOCIATED PRESS<br>Drusilla Delaney, the daughter of an impoverished minister, becomes fascinated with the wealthy Framling family--especially with the son and daughter, the mysterious Fabian, and the beautiful, impetuous Lavinia. Through them, she finds herself the unlikely heir to an extraordinary bejeweled fan made of peacock feathers. But though priceless and dazzling to behold, the fan bears a curse that promises ill fortune--and even death--to whoever possesses it....<br>""Enthralling.""<br>THE NEW YORK TIMES BOOK REVIEW","Fiction, Romance, Historical","Fiction, Romance, Historical",en,408.0,Mass Market Paperback,https://images.isbndb.com/covers/25620593482347.jpg,,0.6564957,False
3852,0451523326,Jane Eyre,Charlotte Bronte,1988,Signet Classics,"In early nineteenth-century England, an orphaned young woman accepts employment as a governess and soon finds herself in love with her employer who has a terrible secret. Charlotte Bronte's novel about the passionate love between Jane Eyre, a young girl alone in the world, and the rich, brilliant, domineering Rochester has enthralled every kind of reader, from the most critical and cultivated to the youngest and most unabashedly romantic, ever since its publication in 1847. It lives as one of the great triumphs of storytelling and as a moving affirmation of the prerogatives of the heart in the face of disappointment and misfortune.","Fiction, Literary","Fiction, Literary",en,461.0,Paperback,https://images.isbndb.com/covers/20598353482348.jpg,,0.6562119,False
9864,0380755157,"Lost Love, Last Love",Rosemary Rogers,1983,Harper Mass Market Paperbacks (Mm),The conclusion to the tempestuous romance of Virginia Brandon and Steven Morgan.,"Fiction, Romance, Historical","Fiction, Romance, Historical",en,378.0,Paperback,https://images.isbndb.com/covers/15061413482323.jpg,,0.6561172,False
13248,0380818205,The Marriage Lesson,Victoria Alexander,2001,Avon,"<p> Lesson #1: Never Tempt a Lady Become a bride? Never! Lady Marianne Shelton has come to London to experience life, and marriage is not part of her plan. To finance her independent future, the pretty country miss pens a series of anonymous stories. Soon they are the talk of the ton-and only she knows that her wicked hero is based on none other than bold, brash Thomas Effington, the future Duke of Roxborough.</p><p>Lesson #2: Never Deny a Marquess, Thomas has been thrust into le of Marianne's protector. When she threatens to experience life with the first willing rogue to come along, he decides the best recourse is to tutor her himself. And when he accidentally compromises her honor, he's willing to accept their only recourse: a wedding. Marianne claims she wants no part of marriage, but her intoxicating allure and disarming willingness make her irresistible. And now Thomas is determined to teach her a lesson: that true love will last forever.</p>","Fiction, Romance, Historical","Fiction, Romance, Historical",en,384.0,Mass Market Paperback,https://images.isbndb.com/covers/15691873482323.jpg,,0.65611637,False
11980,0451521412,Room With a View and Howards End,E. M. Forster,1992,Signet Classics,"Wit and intelligence are the hallmarks of these two probing portraits of the English character written by E.M. Forster. Both are stories of extreme contrasts--in values, social class and cultural perspectives. Romantic relationships lead to conventional happiness in the delightful social comedy <i>A Room with a View</i>, and to unexpected scandal in the richer, deeply moving novel <i>Howards End</i>.<br> <br> <i>Howards End</i>, which rivals <i>A Passage to India</i> as Forster's greatest work, makes a country house in Hertfordshire the center and the symbol for what Lionel Trilling called a class war about who would inherit England. Commerce clashes with culture, greed with gentility.<br> <br> <i>A Room with a View</i> brings home the stuffiness of upper-middle-class Edwardian society in a tremendously funny comedy that pairs a well-bred young lady with a lusty railway clerk and satirizes both the clergy and the English notion of respectability.<br> <br> Quintessentially British, these two novels have become twentieth-century classics. With an introduction and bibliography by Benjamin DeMott.","Fiction, Classics","Fiction, Classics",en,449.0,Mass Market Paperback,https://images.isbndb.com/covers/20579233482348.jpg,,0.65591335,False
2720,0679735909,Possession : A Romance,A.S. BYATT,1991,Vintage,"<b>BOOKER PRIZE WINNER • NATIONAL BESTSELLER • A tale of two young scholars researching the secret love affair of two Victorian poets that's an exhilarating novel of wit and romance, an intellectual mystery, and a triumphant love story. “Gorgeously written … A tour de force.” —<i>The New York Times Book Review</i><br></b><br>Winner of England’s Booker Prize and a literary sensation, <i>Possession </i>traces the lives of a pair of young academics as they uncover a clandestine relationship between two long-dead Victorian poets. As they unearth their letters, journals, and poems, and track their movements from London to Yorkshire—from spiritualist séances to the fairy-haunted far west of Brittany—what emerges is an extraordinary counterpoint of passions and ideas.","Fiction, Literary, Romance, Contemporary, Historical, Victorian","Fiction, Literary, Romance",en,576.0,Paperback,https://images.isbndb.com/covers/27775173482429.jpg,,0.6557094,False
3848,0553213237,A Room With a View (Classic),E. M. Forster,1988,Bantam,"This Edwardian social comedy explores love and prim propriety among an eccentric cast of characters assembled in an Italian <i>pensione</i> and in a corner of Surrey, England.<br><br>A charming young Englishwoman, Lucy Honeychurch, faints into the arms of a fellow Britisher when she witnesses a murder in a Florentine piazza. Attracted to this man, George Emerson—who is entirely unsuitable and whose father just may be a Socialist—Lucy is soon at war with the snobbery of her class and her own conflicting desires. Back in England, she is courted by a more acceptable, if stifling, suitor and soon realizes she must make a startling decision that will decide the course of her future: she is forced to choose between convention and passion. <br><br>The enduring delight of this tale of romantic intrigue is rooted in Forster’s colorful characters, including outrageous spinsters, pompous clergymen, and outspoken patriots. Written in 1908, <b>A Room with a View</b> is one of E. M. Forster’s earliest and most celebrated works.","Fiction, Classics, Literary, Romance, Historical, Victorian","Fiction, Classics, Literary",en,240.0,Mass Market Paperback,https://images.isbndb.com/covers/26408963482384.jpg,,0.6552235,False
782,0670030643,The Eyre Affair (Alex Awards (Awards)),Jasper Fforde,2002,Viking Books,"Great Britain circa 1985: time travel is routine, cloning is a reality (dodas are the resurrected pet of choice), and literature is taken very, very seriously. Based on an imaginary world where time and reality bend in the most convincing and original way since The Hitchhiker's Guide to the Galaxy, The Eyre Affair is a delightful rabbit hole of a read: once you fall in you may never come back. This is all business as usual for brainy, bookish (and heat-packing) Thursday Next, a renowned Special Operative in literary detection -- that is, until someone begins murdering characters from works of literature. A brilliantly outlandish and absorbing caper destined to become a classic adventure tale, The Eyre Affair is an irresistible thriller and the introduction to the imagination of a most distinctive writer. In Jasper Fforde's singular fictional universe no literary character is safe from crime. And for Special Operative Thursday Next this is only the beginning...","FICTION_FANTASY_CONTEMPORARY, ENGLAND_FICTION, FICTION_HISTORICAL_GENERAL, FATHERS AND DAUGHTERS_FICTION, NEXT, THURSDAY (FICTITIOUS CHARACTER)_FICTION","FICTION_FANTASY_CONTEMPORARY, ENGLAND_FICTION, FICTION_HISTORICAL_GENERAL",en,262.0,Hardcover,https://images.isbndb.com/covers/14979903482426.jpg,,0.6542935,False
5549,0373834489,Corinthian,Georgette Heyer,2000,Harlequin,"Georgette Heyer, the grande dame of Regencies, is considered the creator of the modern Regency genre. From her first book in 1935, she established herself as the expert in the field. Her books are hot commodities, especially since many of them have been out of print for some time.<p>In July, Harlequin is pleased to present ""The Corinthian"", the sixth and final Georgette Heyer title that we will be publishing in 2000.<p>The only question perplexing Sir Richard Wyndham is one of marriage. When he chances on a beautiful young fugitive climbing out of a window by means of knotted sheets, he realizes life is about to get very interesting!<p>With a foreword by Kasey Michaels, a New York Times bestselling author of more than fifty books and recipient of the Romantic Times Magazine Career Achievement Award for Regency Historical novels.<p>Watch your profits soar as readers look to complete their collection with this final title.","Fiction, Romance, Contemporary, Historical, Regency","Fiction, Romance, Contemporary",en,401.0,Paperback,https://images.isbndb.com/covers/2026293482321.jpg,,0.6542688,False
6016,0312270801,The Perfect Elizabeth : A Tale of Two Sisters,Libby Schmais,2001,St. Martin's Griffin,"This modern-day Sense and Sensibility is a witty story about two sisters: Liza, a would-be poet who spends miserable days as a legal secretary; and Bette a graduate student writing her dissertation on Toast in the English Novel. Bette has taken to eating only what the characters she is writing about would eat: boiled eggs on toast, minemeat, nice cups of tea...Liza's a bit concerned. She's also worried about the status of her relationship with her actor boyfriend, Gregor. They're not living together, and that's a problem.<br>Then there's the issue of Liza's career, or lack thereof. Can dog-walking be considered a vocation? Liza's beginning to think so. Mercifully, Bette is merely a local phone call away. <br>Throughout this hilarious novel, the sisters deal with unemployment, infidelity, interfering parents, Hollywood, lemmings, a pregnancy, and a wedding. <i>The Perfect Elizabeth </i>is as indulgent and cathartic as a pint of Haagen-Dazs.<br>","Fiction, Women, Family Life, Siblings, City Life","Fiction, Women, Family Life",en,240.0,Paperback,https://images.isbndb.com/covers/4276823482299.jpg,,0.6541029,False
1963,0312983298,Full Speed (Janet Evanovich's Full Series),Janet Evanovich,2003,St. Martin's Paperbacks,"<p>Dear Reader,</p><p>Welcome to the world of Jamie Swift and Max Holt! My good friend Charlotte Hughes and I have teamed up to create a series of books featuring these two characters and they've taken on a life of their own! These books are not set in the same world as my Stephanie Plum novels, but what they have in common is lovable, dysfunctional characters, villains you love to hate, and a cross-eyed way of looking at life. Jamie and Max have intense chemistry-even though they drive each other crazy. Max thinks Jamie is a magnet for trouble and Jamie thinks Max is the most annoyingly sexy, mysterious man she's ever met. She knows she should stay away from him. But boy, oh boy, do the sparks fly when they get together. Jamie is a newspaper owner from a small southern town. And in <i>Full Speed</i>, she's after the story of a lifetime. Max Holt is right in the middle of that story, and so Jamie tracks down the millionaire playboy, forcing him to take her on as partner. What follows is a story of a corrupt minister, a gang of mobsters on the loose, a hound dog called Fleas, a wise-cracking computer genius, and lots of love in the fast lane. Not to mention plenty of steamy action between Jamie and Max. </p><p>So have fun with <i>Full Speed</i>. We're going to sign off now and get back to creating more romantic adventures between Jamie Swift and Max Holt. Enjoy and happy reading! </p><p>Janet and Charlotte</p>","Fiction, Humorous, Mystery & Detective, Women Sleuths, Romance, Contemporary, Suspense, Romantic Comedy, Women","Fiction, Humorous, Mystery & Detective",en,346.0,Mass Market Paperback,https://images.isbndb.com/covers/11401703482299.jpg,,0.65315616,False
7744,0553573705,Almost Innocent,Jane Feather,2001,Bantam Books,"Dear Reader,<br><br><b>Almost Innocent</b> is a romance that is particularly dear to me, with a heroine who surprised me with her strength and resourcefulness, and a hero who will always be one of my favorites.<br><br>Growing up behind the impenetrable walls of an English fortress, young Magdalen does not know that she is the illegitimate daughter of a powerful English prince and his murdered French mistress -- or that she has been a pawn in the struggle between England and France ever since she slipped from her dying mother's womb.<br><br>All she knows is that she longs for excitement. And then one day, as if in answer to her prayers, the splendid figure of Guy de Gervais, a true knight in shining armor, rides into her cloistered world and spirits her away.<br><br>For Magdalen it is love at first sight. The one and only love of her life. Yet Guy sees only his responsibility to keep Magdalen safe until she can be wed to his nephew and thus fulfill her political destiny.<br><br>Then duty calls Guy to the bloody battlefields of France, and when he returns, time has transformed Magdalen into a stunningly sensual beauty. Suddenly the noble knight is fighting the fiercest battle of his life: against a searing desire for a woman he cannot have.<br><br>I hope that you will be thrilled by Magdalen and Guy's passionate love story, and that you will have as much pleasure reading it as I had writing it.<br><br>Warmest wishes,<br><br>Jane Feather<br><br>P.S. Don't miss my latest novel, <b>The Widow's Kiss</b>, featuring an enchantress who has been widowed no less than four times ... and the formidable hero who finds himself reluctantly falling under her spell.","Fiction, Romance, Historical, Medieval, Action & Adventure, Suspense","Fiction, Romance, Historical",en,432.0,Mass Market Paperback,https://images.isbndb.com/covers/1927863482385.jpg,,0.652865,False
3417,006109398X,The Treasure Box,Orson Scott Card,1997,HarperTorch,"<p>A shattering childhood tragedy left Quentin Fears devastated and unable to cope with the world and its citizens. It didn't, however, prevent him from making millions through brilliant investments. And now the enigmatic recluse has experienced the extraordinarily unexpected: love at first sight.</p> <p>But a whirlwind courtship and marriage to Madeleine -- beautiful, witty, and equally ill-at-ease with reality -- is bringing Quentin something other than the bliss he anticipated, for now he must meet his new wife's family.</p> <p>A bizarre, dysfunctional collection of extreme characters, they are guarding a secret both shocking and terrifying -- as is Madeleine herself. And suddenly Quentin Fears must prevent his dream woman from unleashing an ageless malevolence intent on ruling the world.</p>",Fiction,Fiction,en,384.0,Mass Market Paperback,https://images.isbndb.com/covers/20229713482209.jpg,,0.6527772,False
2888,0449000869,Ashworth Hall (Charlotte & Thomas Pitt Novels (Paperback)),ANNE PERRY,1998,Fawcett,"The gathering has the appearance of a smart autumn house party - stunning women and powerful men enjoying a few days of leisurely pleasure in a setting of exquisite beauty. In fact, the guests are Irish Protestants and Catholics gathered in reluctant parley over home rule for Ireland, a problem that has plagued the British Isles since the reign of Elizabeth I. When the meeting's moderator, government bigwig Ainsley Greville, is found murdered in his bath, the negotiations seem doomed. Superintendent Thomas Pitt of Scotland Yard almost despairs as divorce proceedings involving the great Irish Nationalist leader Charles Stewart Parnell and his mistress, Kitty O'Shea, become an open scandal. To make matters worse, it seems the late Greville himself may have had a less than savory personal life. The surviving guests - six men and five women - unleash their true feelings, or perhaps only pretend to. Their servants follow suit. Unless Pitt and his clever wife, Charlotte, can root out the truth, simmering passions above and below stairs may again explode in murder, the hopeful home rule movement may collapse, and civil war may destroy Ireland.","Fiction, Mystery & Detective, Historical","Fiction, Mystery & Detective, Historical",en,384.0,Paperback,https://images.isbndb.com/covers/23459483482347.jpg,,0.6527416,False
7680,034536998X,The Players Come Again (Kate Fansler Novels (Paperback)),AMANDA CROSS,1991,Fawcett,"""Those who relish intricate mind games, complex characters, scalpel-sharp wit and literary allusions by the peck will clasp Ýthis ̈ to their hearts.""<br>THE SAN DIEGO UNION<br>When Kate Fansler is offered the exciting prospect of writing a biography of Gabrielle Foxx, the obscure and enigmatic wife of a great modernist author, she accepts. But what she discovers when she meets three charming women connected with the Foxx family since childhood is a veil of secrecy that hides a fantastic pattern of events, a shocking secret that fifty years have done nothing to defuse, and a strange truth that she can never reveal....","Fiction, Mystery & Detective, Women Sleuths, City Life","Fiction, Mystery & Detective, Women Sleuths",en,229.0,Paperback,https://images.isbndb.com/covers/26324973482310.jpg,,0.652351,False
11524,0743418719,Salem Falls,Jodi Picoult,2002,Washington Square Press,"<b>From #1 <i>New York Times </i>bestselling author Jodi Picoult comes a compelling and “multilayered tale of small-town intrigue” (<i>Glamour</i>) about a prep schoolteacher accused of rape by a group of young girls, the woman who stands by him, and the repercussions of the case in a New England town where the past is only a heartbeat away.</b><br><br><i>Love can redeem a man...but secrets and lies can condemn him.</i><br> <br>A handsome stranger comes to the sleepy New England town of Salem Falls in hopes of burying his past. Once a teacher at a girls prep school, Jack St. Bride was destroyed when a student’s crush sparked a powder keg of accusation. Now, washing dishes for Addie Peabody at the Do-Or-Diner, he slips quietly into his new routine, and Addie finds this unassuming man fitting easily inside her heart.<br> <br>But amid the rustic calm of Salem Falls, a quartet of teenage girls harbor dark secrets—and they maliciously target Jack with a shattering allegation. Now, at the center of a modern-day witch hunt, Jack is forced once again to proclaim his innocence: to a town searching for answers, to a justice system where truth becomes a slippery concept written in shades of gray, and to the woman who has come to love him in this unputdownable novel that will keep you “constantly guessing” (<i>The Dallas Morning News</i>) until the very last page.","Fiction, Literary, Psychological, Romance, Suspense, Women, Family Life, Crime, Small Town & Rural","Fiction, Literary, Psychological",en,434.0,Paperback,https://images.isbndb.com/covers/18630053482452.jpg,,0.65231246,False
12644,0452270642,A Dark-Adapted Eye,Barbara Vine,1993,Plume Books,"""Dazzling...writing at her formidable best, Barbara Vine taps the poetry as well as the pain of her characters' clamorous declarations of their need for love."" —New York Times Book Review<br/><br/>""When the best mystery writer in the English-speaking world launched a second byline, she actually stepped up her writing a level."" —TIME<br/><br/>Faith Severn has grown up with the dark cloud of murder looming over her family. Her aunt Vera Hillyard, a rigidly respectable woman, was convicted and hanged for the crime, but the reason for her desperate deed died with her. Thirty years later, a probing journalist pushes Faith to look back to the day when her aunt took knife in hand and walked into a child's nursery. Through the eyes of a woman trying to understand an unspeakable, inexplicable family tragedy, Barbara Vine leads us through a shadow land of illicit lust, intimate sins, and unspoken passions—to a shattering and illuminating climax, as inevitable as it is unexpected. In this enthralling masterpiece, a great crime writer has achieved both a flawlessly crafted novel of psychological suspense and a deeply probing work of literary art.","FICTION_GENERAL, ENGLAND_FICTION","FICTION_GENERAL, ENGLAND_FICTION",en,288.0,Paperback,https://images.isbndb.com/covers/28071483482348.jpg,,0.651605,False
5472,0517189682,Anne of Green Gables (Children's Classics),L.M. MONTGOMERY,1998,Children's Classics,"Anne (with an ‘e’ of course) starts out as a mistake. The elderly Matthew and Marilla Cuthbert had planned on adopting a boy to help Matthew with the chores on their Prince Edward Island farm. What are they to do with the red-haired, high-spirited girl who arrives instead?<br> <br> Anne Shirley, with her boundless imagination and heart, slowly brings joy into the narrow lives of those around her, and into the lives of readers who have delighted in her adventures since Lucy Maud Montgomery began writing about her in 1905.<br> <br> Anne’s courage, her enthusiasm, and her ability to love, have made her one of literature’s most beloved characters in Canada and around the world.<br> <br> This beautifully illustrated volume, with a foreword by Kate Butler MacDonald, one of L. M. Montgomery’s grandchildren, is a treasure for those who find in Anne a familiar friend as well as for those who are discovering this “kindred spirit” for the first time.","Fiction, Juvenile Fiction, Classics, Family, Orphans & Foster Homes, Lifestyles, Country Life, People & Places, Canada, Social Themes, Friendship","Fiction, Juvenile Fiction, Classics",en,256.0,Hardcover,https://images.isbndb.com/covers/3203013482372.jpg,,0.6516032,False
3125,0515129224,Soft Focus,Jayne Ann Krentz,2000,Jove Books,"With her hallmark blend of sparkling style and wit, intricate suspense, and steamy passion, <b>Jayne Ann Krentz</b> is truly one of a kind. One of today's premier storytellers, she has more than twenty-three million copies of her novels in print. Now the phenomenal <b>New York Times</b> bestselling author spins her latest scintillating tale: a story of two people bound together by that most binding of ties--a business contract. <p>Elizabeth Cabot is all business. She knows how to maximize her investments and cut her losses--in both her career and her personal life.</p> <p>So when she discovers that Jack Fairfax has deceived her, she's determined to end their relationship. Putting a stop to their budding romance is easy. But breaking up their business deal will be more difficult. Despite all her efforts, she has no luck disentangling herself from Jack's client company, Excalibur. But the situation becomes even more strained when a new obstacle emerges: a lethal act of sabotage that could put both of them out of business for good.</p> <p>Elizabeth is no fool. If she can help Jack save Excalibur, she'll recoup her substantial investment plus millions in profit. Putting her emotions aside, she insists on helping him search for the scientist who's disappeared with a valuable new crystal that could revolutionize the high-tech industry. She'll go in, solve the problem--and get out.</p> <p>The trail leads Elizabeth and Jack to a fringe film festival, but their goal is as elusive as the shadowy black-and-white images from classic noir films. Life starts to imitate art, and double-dealing seems to be the name of the game. For these business adversaries turned reluctant partners, keeping an eye on each other--and the lid on a sizzling attraction--seems the only insurance against further treachery. But with millions at stake, trust can turn to betrayal in the blink of an eye.</p>","Fiction, Romance, Contemporary, Suspense, Thrillers, Women","Fiction, Romance, Contemporary",en,359.0,Mass Market Paperback,https://images.isbndb.com/covers/10684203482371.jpg,,0.65124094,False
1287,0515130389,Carolina Moon,Nora Roberts,2001,Jove Books,"<b>#1 <i>New York Times</i> bestselling author Nora Roberts presents a novel of redemption and suspense, as a woman haunted by the unsolved murder of her childhood friend returns to her small South Carolina hometown...</b><br><br>Tory Bodeen grew up in a run-down house where her father ruled with an iron fist and a leather belt—and where her dreams and talents had no room to flourish. Her one escape was her neighbor Hope, whose friendship allowed Tory to be the child she wasn't allowed to be at home. Then Hope was brutally murdered, and everything fell apart. <br><br>Now, as she returns to Progress with plans to settle in and open a stylish home-design shop, Tory is determined to find a measure of peace and free herself from the haunting visions of the past. As she forges a new bond with Cade Lavelle—Hope’s older brother and the heir to the family fortune—she isn’t sure whether the tragic loss they share will unite them or drive them apart. But she is willing to open her heart, just a little, and try. <br><br>But living so close to those unhappy memories will be more difficult and frightening than Tory could ever have expected. Because Hope’s murderer is nearby as well...","Fiction, Romance, Suspense, Contemporary, Women","Fiction, Romance, Suspense",en,480.0,Mass Market Paperback,https://images.isbndb.com/covers/10695773482371.jpg,,0.651162,False
1807,0380899361,Come Love a Stranger,Kathleen E. Woodiwiss,1986,Avon,"<p>A woman with no name and no memory...The two men who claim her:one with love, the other with fear...A dazzling tale of secret passions--and a love tragically lost and miraculously reborn--by the incomparable storyteller.</p><p>Mere days after Ashton Wingate's wedding to the enchanting Lierin, capricious Fate stole the Mississippi plantation owner's beloved from him. Now, three years later, his carriage has collided with a cloaked rider on horseback: a woman who bears an uncanny resemblance to the young bride who was swallowed up by the merciless river.</p><p>She awakens from unconsciousness in his magnificent home with no memory of who she is. Yet the tenderness of this noble, caring stranger who lovingly calls her ""Lierin"" soon captures her heart and inflames her with wanting. Then another enters their lives, threatening to destroy the happiness they have rediscovered in each other's arms--the dark and dangerous Malcolm Sinclair, who claims the enigmatic beauty is, in fact, his own wife, Lenore. But Ashton has sworn that he will not lose his adored one a second time, and he will risk any peril to preserve their newfound joy--no matter what the unremembered secrets of his lady's past ultimately reveal.</p>LIERIN<p>With no name and no memory, she awakens from a nightmare of madness into the lives of two stranger. One she desires, one she fears--but both have claimed her heart.</p><p>To handsome plantation owner Ashton Wingate, she is Lierin--the cherished bride cruelly stolen from him by capricious Fate. The other calls her Lenore--entangling the lost, tormented beauty in his sinister web of perilous deceit. But it is in the adoring arms of noble Ashton that her true destiny awaits--as they join together to unlock the mysteries of a shadowed past. . .and to rekindle the flames of a glorious love once vanished but never forgotten.</p>","Fiction, Romance, Historical","Fiction, Romance, Historical",en,512.0,Mass Market Paperback,https://images.isbndb.com/covers/16503473482323.jpg,,0.651005,False
7456,0380811979,Rules of Surrender (Governess Brides),Christina Dodd,2000,Avon,"<p>The Rules of Employment for The Distinguished Academy of Governesses: Always remember your station; after all, you are higher than the house servants but certainly not a member of the family. Be sure to maintain a disciplined schoolroom and to take your meals on a tray. And <i>Bnever</i> become too familiar with the master of the house...</p> <p>Lady Charlotte Dalrumple is known as England's most proper governess, a woman who has never taken a misstep socially -- or romantically. So, on the surface, she seems perfectly suited to accept the challenge of reforming English-born Lord Wynter Ruskin, sadly uncivilized by his travels abroad.</p> <p>But the ruggedly handsome man has no desire to be taught manners. He has glimpsed an uninhibited beauty hiding beneath her prim exterior, and he'd much rather spend his days -- and nights -- instructing her in the ways of love.</p> <p>And when ardor erupts between them, Charlotte learns the pleasures of desire and Wynter the passions of the heart, but before they can love both must first master the rules of employment.</p>","Fiction, Romance, Historical","Fiction, Romance, Historical",en,384.0,Mass Market Paperback,https://images.isbndb.com/covers/15629603482323.jpg,,0.6508613,False
3850,0375703063,A Virtuous Woman (Oprah's Book Club (Paperback)),Kaye Gibbons,1997,Vintage Books,"When Blinking Jack Stokes met Ruby Pitt Woodrow, she was twenty and he was forty. She was the carefully raised daughter of Carolina gentry and he was a skinny tenant farmer who had never owned anything in his life. She was newly widowed after a disastrous marriage to a brutal drifter. He had never asked a woman to do more than help him hitch a mule. They didn't fall in love so much as they simply found each other and held on for dear life.<br> <br> Kaye Gibbons's first novel, <b>Ellen Foster</b>, won the Sue Kaufman Prize for First Fiction from the American Academy and Institute of Arts and Letters and the praise of writers from Walker Percy to Eudora Welty. In <b>A Virtuous Woman</b>, Gibbons transcends her early promise, creating a multilayered and indelibly convincing portrait of two seemingly ill-matched people who somehow miraculously make a marriage.","Fiction, Literary, Romance, Women, Family Life, Literary Criticism","Fiction, Literary, Romance",en,165.0,Paperback,https://images.isbndb.com/covers/20712063482321.jpg,,0.65084684,False
4217,0553213172,Anne of the Island,Lucy Maud Montgomery,1983,Bantam Classics,"New adventures lie ahead as Anne Shirley packs  her bags, waves good-bye to childhood, and heads for  Redmond College. With old friend Prissy Grant  waiting in the bustling city of Kingsport and  frivolous new pal Philippa Gordon at her side, Anne tucks  her memories of rural Avonlea away and discovers  life on her own terms, filled with  surprises...including a marriage proposal from the worst fellow  imaginable, the sale of her very first story, and a  tragedy that teaches her a painful lesson. But  tears turn to laughter when Anne and her friends move  into an old cottage and an ornery black cat steals  her heart. Little does Anne know that handsome  Gilbert Blythe wants to win her heart, too. Suddenly  Anne must decide if she's ready for love...","Juvenile Fiction, Classics, Girls & Women, Social Themes, Friendship","Juvenile Fiction, Classics, Girls & Women",en,272.0,Mass Market Paperback,https://images.isbndb.com/covers/26408353482384.jpg,,0.65082735,False
10144,0385260083,The Robber Bride,Margaret Atwood,1993,Doubleday Books,"Exploring the paradox of female villainy, this tale of three fascinating women is another peerless display of literary virtuosity by the supremely gifted author of Cat's Eye and The Handmaid's Tale.","FICTION_HUMOROUS_GENERAL, CANADA_FICTION, CANADIAN FICTION (FICTIONAL WORKS BY ONE AUTHOR)","FICTION_HUMOROUS_GENERAL, CANADA_FICTION, CANADIAN FICTION (FICTIONAL WORKS BY ONE AUTHOR)",en,466.0,Hardcover,https://images.isbndb.com/covers/3939093482325.jpg,,0.6508052,False
1545,0553214225,Summer,Edith Wharton,1993,Bantam,"Considered by some to be her finest work, Edith Wharton’s <b>Summer</b> created a sensation when first published in 1917, as it was one of the first novels to deal honestly with a young woman’s sexual awakening.<br><br><b>Summer</b> is the story of Charity Royall, a child of mountain moonshiners adopted by a family in a poor New England town, who has a passionate love affair with Lucius Harney, an educated man from the city. Wharton broke the conventions of women’s romantic fiction by making Charity a thoroughly independent modern woman—in touch with her emotions and sexuality, yet kept from love and the larger world she craves by the overwhelming pressures of heredity and society.<br><br>Praised for its realism and honesty by such writers as Joseph Conrad and Henry James and compared to Flaubert’s <b>Madame Bovary</b><i>, </i><b>Summer</b> remains as fresh and powerful a novel today as when it was first written.","Fiction, Classics, Literary, Romance, Historical, Victorian","Fiction, Classics, Literary",en,224.0,Paperback,https://images.isbndb.com/covers/26418863482384.jpg,,0.6499984,False
3497,051512088X,Rosehaven,Catherine Coulter,2000,Jove Books,"<b>From the #1 <i>NEW YORK TIMES</i> BESTSELLING AUTHOR.</b><br><br> When heiress Hastings Trent is joined with warrior Severin Langthorne in marriage, she must uncover the mystery surrounding a secluded estate known as Rosehaven.","Fiction, Romance, Historical, Medieval","Fiction, Romance, Historical",en,384.0,Mass Market Paperback,https://images.isbndb.com/covers/10600733482371.jpg,,0.6497139,False
4147,0380781468,Beyond Scandal,Brenda Joyce,1995,Avon,"<p> Brenda Joyce is a dreamweaver who spins spells that entice and enchant, a masterful creator of unforgettable characters and incomparableromance-from the spellbinding medieval passion of promise of the rose to the breathtaking sensual intrigue of the game. Now, with beyond scandall, she takes us one step further... beyond duty.</p><p>Adoring and innocent, Anne Stewart was seduced by Dominick Saint Georges, Viscount Lyons, then brazenly abandoned on their wedding night. Now four years have passed, and England's most mysterious lord has returned to Waverly Hall.<p><p> Beyond passion. Anne can never forgive Dominick for the shame he caused her. She is determined to resist his advances and ignore the gossip and speculation surrounding them. But shocking revelations and deadly intrigues are drawing her ever closer to her enigmatic husband, to whom she dares not surrender againthis secretive stranger who holds the key to her survival... and her heart.</p>","Fiction, Romance, Historical, Erotica","Fiction, Romance, Historical",en,432.0,Mass Market Paperback,https://images.isbndb.com/covers/15324443482323.jpg,,0.64959514,False
4803,0061097101,The Saving Graces: A Novel,Patricia Gaffney,2000,HarperTorch,"<p>""Compelling. . . breathtaking. . . unique."" --Washington Post Book World</p> <p>Meet the Saving Graces, four very different friends who get together once a week to kick back and take shelter from the trials and triumphs of their lives. Emma, the brazen skeptic with a soft heart, is hopelessly in love with a married man. Rudy, the fighter, is desperately trying to hold on to a deeply troubled marriage. Lee, ""the normal one,"" longs for a baby--and overwhelming desire that threatens to destroy her idyllic marriage. Isabel, divorced and free, is falling for her neighbor, a man whom she is sure is gay.</p> <p>For the past ten years their unexpected friendship has helped them cope with husbands, lovers, careers, children and everything in between. Though they've always been there for each other, when tragedy strikes their love, loyalty, and courage is put to the ultimate test. As this mesmerizing story eloquently captures, men, jobs and crises come and go, but nothing lasts like true friendship.</p>","Drama, American, Women Authors, Fiction, Historical, Literary, Romance, Contemporary, Romantic Comedy, Later in Life, Women, Family Life, Marriage & Divorce, Friendship, Literary Collections","Drama, American, Women Authors",en,528.0,Mass Market Paperback,https://images.isbndb.com/covers/20260913482209.jpg,,0.64947,False
1588,0451207378,Ravished (Signet Historical Romance),Virginia Henley,2002,Signet Book,"Praised for creating “the best in romantic fiction”(<b>Rendezvous</b>), <b>New York Times</b> bestselling author Virginia Henley returns to nineteenth-century London in a scandalous love story that burns with the heat of forbidden passion on every page....<p> </p>Ravished<p></p><p>All her life, flame-haired Alexandra Sheffield has been expected to marry the wealthy Lord Christopher Hatton—a man whose title and inheritance make Alex the envy of all London. But desperate for a life filled with adventure and passion, she is in no hurry to marry the spoiled aristocrat. Instead, she is consumed with longing for another man—Lord Hatton’s devastatingly dangerous twin brother, Nicholas.</p><p> </p>Ravished<p> </p><p>All his life, Nick Hatton has had his pick of beautiful women, but he’s also had enough sense never to hazard his heart. That is, until his irresponsible brother gambles away his inheritance and plans to refill his pockets by marrying spirited young Alex. Driven by a fierce need to protect her, Nick will risk anything to prevent his brother’s scheming seduction. But when the girl he sets out to save becomes the glorious woman he longs to ravish, he must force himself to resist her wild beauty and reckless flirtation—before his desires erupt in a single, scorching moment that can never be undone.</p><p> </p><p><b>Ravished</b></p>","Fiction, Romance, Historical, Regency","Fiction, Romance, Historical",en,416.0,Mass Market Paperback,https://images.isbndb.com/covers/17438793482348.jpg,,0.64945793,False
705,0385324057,Summer Sisters,Judy Blume,1998,Delacorte Press,"No writer captures the seasons of our lives better than Judy Blume. Now, from the ""New York Times"" bestselling author of ""Wifey"" and ""Smart Women, "" comes an extraordinary novel of reminiscence and awakening--an unforgettable story of two women, two families, and the friendships that shape a lifetime. <br>When Victoria Leonard answers the phone in her Manhattan office, Caitlin's voice catches her by surprise. Vix hasn't talked to her oldest friend in months. Caitlin's news takes her breath away--and Vix is transported back in time, back to the moment she and Caitlin Somers first met, back to the casual betrayals and whispered confessions of their long, complicated friendship, back to the magical island where two friends became summer sisters. <br>Caitlin dazzled Vix from the start, sweeping her into the heart of the unruly Somers family, into a world of privilege, adventure, and sexual daring. Vix's bond with her summer family forever reshapes her ties to her own, opening doors to opportunities she had never imagined--until the summer she falls passionately in love. Then, in one shattering moment on a moonswept Vineyard beach, everything changes, exposing a dark undercurrent in her extraordinary friendship with Caitlin that will haunt them through the years. <br>As their story carries us from Santa Fe to Martha's Vineyard, from New York to Venice, we come to know the men and women who shape their lives. And as we follow the two women on the paths they each choose, we wait for the inevitable reckoning to be made in the fine spaces between friendship and betrayal, between love and freedom. <br>""Summer Sisters"" is a riveting exploration of the choices that define our lives, of friendship and love, of the families we are born into and those we struggle to create. For every woman who has ever had a friend too dangerous to forgive and too essential to forget, ""Summer Sisters"" will glue you to every page, reading and remembering. <br>Judy Blume's twenty-one books have sold over sixty-five million copies worldwide and have been translated into twenty languages. She spends summers on Martha's Vineyard with her family.","Fiction, Coming of Age, Women, Friendship","Fiction, Coming of Age, Women",en,400.0,Hardcover,https://images.isbndb.com/covers/4578773482325.jpg,,0.64933693,False
8917,0451402502,Impulse,Catherine Coulter,1996,Onyx Books,"The reigning ""queen of romance"" returns with a masterful new novel of romantic suspense. Catherine Coulter, the bestselling author of False Pretenses, scales new heights that will dazzle and delight even her most ardent fans.","Fiction, Romance, Contemporary","Fiction, Romance, Contemporary",en,400.0,Mass Market Paperback,https://images.isbndb.com/covers/19390173482348.jpg,,0.6490991,False
10676,078686298X,The Big Picture,Douglas Kennedy,1997,Hyperion Books,"Years after giving up his dreams of becoming a photographer for law, Ben Bradford finds his ""perfect"" life falling apart when his wife begins having an affair with a neighbor, a professional photographer, and Ben is suddenly faced with a dangerous choice. A first novel.","Fiction, Mystery & Detective, Hard-Boiled, Police Procedural, Psychological, Thrillers, Suspense","Fiction, Mystery & Detective, Hard-Boiled",en,384.0,Hardcover,https://images.isbndb.com/covers/3700143482468.jpg,,0.6488354,False
12114,0743411374,Say When : A Novel,Elizabeth Berg,2004,Washington Square Press,"<b>From the <i>New York Times</i> bestselling author of <i>Open House</i> and <i>True to Form</i> comes a brilliant novel that charts the days and nights of a family whose normalcy has been shattered by resentment and infidelity.</b><br><br>When is a marriage worth saving and when is it best to let go? When do half-truths turn into full-blown lies? When does betrayal end and passion begin?<br> <br> <i>Say When</i> is a compelling, complex novel that takes readers into the heart of a modern marriage where companionship and intimacy, and denial and pain, so often collide. ""Of course he knew she was seeing someone,"" begins the story of Frank Griffin, a man who's willing to overlook his wife's infidelity for the sake of keeping his family intact. But when the forty-year-old Ellen requests a divorce on the basis that she has finally found true, romantic love, Griffin must decide whether to fight or flee...or search elsewhere for the kind of life he always dreamed of.<br> <br>With Elizabeth Berg's trademark blend of rare insight, raw emotion, and hard-won wisdom, <i>Say When</i> is a work of startling revelation that no reader will soon forget.","Fiction, Literary, Women, Family Life, Marriage & Divorce","Fiction, Literary, Women",en,288.0,Paperback,https://images.isbndb.com/covers/18556623482452.jpg,,0.64877814,False
6843,0061043494,Gaudy Night,Dorothy L. Sayers,1995,HarperTorch,"<p>“Gaudy Night stands out even among Miss Sayers’s novels. And Miss Sayers has long stood in a class by herself.”<br>—Times Literary Supplement</p><p>The great Dorothy L. Sayers is considered by many to be the premier detective novelist of the Golden Age, and her dashing sleuth, Lord Peter Wimsey, one of mystery fiction’s most enduring and endearing protagonists. Acclaimed author Ruth Rendell has expressed her admiration for Sayers’s work, praising her “great fertility of invention, ingenuity, and wonderful eye for detail.” The third Dorothy L. Sayers classic to feature mystery writer Harriet Vane, Gaudy Night is now back in print with an introduction by Elizabeth George, herself a crime fiction master. Gaudy Night takes Harriet and her paramour, Lord Peter, to Oxford University, Harriet’s alma mater, for a reunion, only to find themselves the targets of a nightmare of harassment and mysterious, murderous threats.<br></p>","Fiction, Mystery & Detective","Fiction, Mystery & Detective",en,512.0,Mass Market Paperback,https://images.isbndb.com/covers/19724883482209.jpg,,0.6487474,False
10824,0553211277,The Portrait of a Lady (Bantam Classic),Henry James,1983,Bantam Books,"Capturing the grandeur of a gracious, splendid Europe of wealth and Old World sensibilities, this glorious, complex novel has become a touchstone for a great writer’s entire literary achievement. From the opening pages, when the high-spirited American girl Isabel Archer arrives at the English manor Gardencourt, James’s luminous, superbly crafted prose creates an atmosphere of intensity, expectation, and incomparable beauty. <br><br>Isabel, who has been taken abroad by an eccentric aunt to fulfill her potential, attracts the passions of a British aristocrat and a brash American, as well as the secret adoration of her invalid cousin, Ralph Touchett. But her vulnerability and innocence lead her not to love but to a fatal entrapment in intrigue, deception, and betrayal. This brilliant interior drama of the forming of a woman’s consciousness makes <b>The Portrait of a Lady</b> a masterpiece of James’s middle years.","Fiction, Classics, Romance, Historical, Victorian, Thrillers","Fiction, Classics, Romance",en,656.0,Mass Market Paperback,https://images.isbndb.com/covers/26389403482384.jpg,,0.64857036,False
3352,0142000396,The Last Manly Man (Robin Hudson Mysteries (Paperback)),Sparkle Hayter,2001,Penguin Books,"Newswoman Robin Hudson finds that life actually seems to be going right for a change. But it isn't long before a good deed for a strange man leads her into a bizarre murder investigation-and into a secret world of men she never knew existed. A testosterone-filled hunting expedition, libidinous chimps, a convention of drugged feminists, and a mysterious chemical known as Adam 1: what better way for a girl to take a look at the sexual stereotypes, social conditioning, and mad science that obsesses us all? A perfect blend of mystery and mockery, as well as an unorthodox love letter to men, <i>The Last Manly Man</i>brings Robin one of her most unusual cases yet.<br> <br> ""[Hayter's] casual observations on New Yorkers and their loony obsessions have just the right dash of caustic wit."" (<i>The New York Times Book Review</i>)<br> <br> ""The Last Manly Man is satire at its best: witty, wise, and oh, so relevant. Sparkle Hayter's novel . . . is an absolute hoot!"" (Susan Isaacs)","Fiction, Mystery & Detective, Women Sleuths","Fiction, Mystery & Detective, Women Sleuths",en,272.0,Paperback,https://images.isbndb.com/covers/14805953482238.jpg,,0.64852154,False
10640,0446360325,Naked Once More,Barbara Mertz,1990,Warner Books,"She may be a bestselling author, but ex-librarian Jacqueline Kirby's views on the publishing biz aren't fit to print. In fact, she's thinking of trading celebrity for serenity and a house far away from fiendish editors and demented fans when her agent whispers the only words that could ever make her stay: Naked in the Ice.</br></br> Seven years ago, this blockbuster skyrocketed Kathleen Darcy to instant fame. Now the author's heirs are looking for a writer to pen the sequel. It's an opportunity no novelist in her right mind would pass up, and there's no doubting Jacqueline's sanity...until she starts digging through the missing woman's papers--and her past. Until she gets mixed up with Kathleen's enigmatic lover. Until a series of nasty accidents convince her much too late that someone wants to bring Jacqueline's story--and her life--to a premature end.","Fiction, Mystery & Detective","Fiction, Mystery & Detective",en,368.0,Mass Market Paperback,https://images.isbndb.com/covers/25139923482346.jpg,,0.64827335,False
13065,0345382315,The PMS Outlaws: An Elizabeth Macpherson Novel (Elizabeth MacPherson Novels (Hardcover)),Sharyn McCrumb,2000,Ballantine Books,"Bestselling author Sharyn McCrumb, internationally acclaimed for the ""quiet fire""* of her Appalachian Ballad novels, clearly has a dark side--a wicked, sardonic wit that has prompted critics to compare her to Jane Austen and Jonathan Swift. <br>Readers and reviewers alike also have lauded Ms. McCrumb for her inspired chronicles of forensic anthropologist Elizabeth MacPherson. In her newest tale in the MacPherson saga, McCrumb examines society's fascination with beauty--and the deceptiveness of outer appearances. Elizabeth herself, hospitalized for depression over her missing husband, learns that insanity liberates one from polite hypocrisy, enabling a ""crazy lady"" to remark: ""Anorexia is not a disease; it's a career move."" <br>Out in the real world, Elizabeth's brother Bill has bought a stately old mansion to use as his law office, only to find that the house comes with a charming codger-in-residence who is far too old to be a dangerous outlaw. . . isn't he? Meanwhile, the steel magnolia who is Bill's law partner is trying to track down the PMS Outlaws--an escaped convict and her fugitive attorney--who are cruising pickup joints and wreaking a peculiar vengeance on lust-crazed men. <br>Sharyn McCrumb's incisive wit and her genius for mirroring everyday life are once again on full display. The PMS Outlaws is an outrageous parable of modern mores, where beauty is the weapon, and nobody is safe. <br>*The New York Times Book Review <p>""From the Paperback edition.","Fiction, Mystery & Detective, Women Sleuths, Women","Fiction, Mystery & Detective, Women Sleuths",en,295.0,Hardcover,https://images.isbndb.com/covers/26448233482310.jpg,,0.6481598,False
1060,0061012289,A Secret Affair,Barbara Taylor Bradford,1997,HarperTorch,"Seeking some much-needed rest and relaxation after a long stint as a TV-news war correspondent in Bosnia, 33-year-old Bill Fitzgerald travels to Venice. There he is struck by the dark beauty of a young American woman, Vanessa Stewart, a 27-year-old glass designer from New York.Unhappily married, she welcomes a no-strings friendship with Bill. Soon they embark on an illicit affair and find themselves desperately in love. They vow to see each other whenever and wherever they can. But on their third meeting, one of them does not show up.<p> Once again, Barbara Taylor Bradford weaves a love story of uncompromising ardor, this time taking readers through secret trysts in Venice, Manhattan and Southampton. In <i>A Secret Affair,</i> she touches on subjects that will stir the hearts and minds of her readers -- unconditional love and devotion, loyalty and loss.","Fiction, Women, Romance, Contemporary","Fiction, Women, Romance",en,272.0,Mass Market Paperback,https://images.isbndb.com/covers/19412693482209.jpg,,0.6477594,False
321,0312986769,In the Bleak Midwinter (A Rev. Clare Ferguson Mystery),Julia Spencer-Fleming,2003,St. Martin's Minotaur,"<p>Heavy Snow...Icy Desires...Cold-Blooded Murder</p><p>Clare Fergusson, St. Alban's new priest, fits like a square peg in the conservative Episcopal parish at Miller's Kill, New York. She is not just a ""lady,"" she's a tough ex Army chopper pilot, and nobody's fool. Then a newborn infant left at the church door brings her together with the town's police chief, Russ Van Alstyne, who's also ex-Army and a cynical good shepherd for the stray sheep of his hometown. Their search for the baby's mother quickly leads them into the secrets that shadow Miller's Kill like the ever-present Adirondacks. What they discover is a world of trouble, an attraction to each other-and murder... </p><p>""Superb!""<br>-<i>Library Journal</i></p><p>""Terrific action scenes...what really distinguishes<i> In the Bleak Midwinter</i>, however, is the author's skillful portrayal of her protagonist's inner conflict.""<br><i>-Washington Post Book World</i></p><p>""A riveting page-turner from start to finish.""<br>-<i>Publishers Weekly</i> (starred review)</p>","Fiction, Literary, Mystery & Detective, Police Procedural, Women Sleuths","Fiction, Literary, Mystery & Detective",en,370.0,Paperback,https://images.isbndb.com/covers/11436453482299.jpg,,0.6477243,False
912,0449222276,Belgrave Square,Anne Perry,1993,Fawcett Books,"""The author has the eyes of a hawk for character nuance and her claws out for signs of the criminal injustices rampant among the privileged classes during this gilded historical perilousness.""<br>NEW YORK TIMES BOOK REVIEW<br>When low-life moneylender William Weems is found murdered, there are few to mourn his passing. But when Inspector Pitt finds a list containing the names of some of London's most distinguished gentlemen in the murdered man's office, he recognizes the smell of blackmail. Fortunately, Pitt's clever, well-born wife, Charlotte has entree into London's best society. And at glittering balls and over gossipy teas, she observes a world of passion, power, and greed, that is closed to police inspection...<br>","Fiction, Mystery & Detective","Fiction, Mystery & Detective",en,374.0,Paperback,https://images.isbndb.com/covers/25673573482347.jpg,,0.64765155,False
9155,0515132276,Broken Honor,Patricia Potter,2002,Jove Books,"In a stunning follow-up to the breakthrough success of The Perfect Family, bestselling author Patricia Potter turns her talents to the intrigue and romance of the military. <br> Long ago, in the waning years of World War II, a Nazi train was captured by Allies. Its cargo, a fortune in stolen art and gold dust, vanished. Today, two strangers are about to become engulfed in its tantalizing mystery...an unexpected passion...and inescapable peril. <br> ""A master storyteller."" (Debbie Macomber) <br> ""Potter writes romantic adventure like nobody else."" (Joan Johnson)","Fiction, Romance, Contemporary, Historical, Suspense","Fiction, Romance, Contemporary",en,405.0,Mass Market Paperback,https://images.isbndb.com/covers/10714653482371.jpg,,0.6476513,False
14005,0345329821,Raney,Clyde Edgerton,1992,Ballantine Books,"""This book is too good to keep to yourself. Read it aloud with someone you love, then send it to a friend. But be sure to keep a copy for yourself, because you'll want to read it again and again.""<br> Elizabeth Forsythe Hailey<br> Raney is a small-town Baptist. Charles is a liberal from Atlanta. And RANEY is the story of their marriage. Charming, wise, funny, and truthful, it is a novel for everyone to love.<br> ""A real jewel.""<br> RICHMOND TIMES-DISPATCH","Fiction, Sagas, Literary, Psychological","Fiction, Sagas, Literary",en,245.0,Paperback,https://images.isbndb.com/covers/25923303482310.jpg,,0.6469421,False
1962,0345382323,The PMS Outlaws : An Elizabeth MacPherson Novel,Sharyn McCrumb,2001,Bantam Books,"Bestselling author Sharyn McCrumb, internationally acclaimed for the ""quiet fire""* of her Appalachian Ballad novels, clearly has a dark side--a wicked, sardonic wit that has prompted critics to compare her to Jane Austen and Jonathan Swift. <br>Readers and reviewers alike also have lauded Ms. McCrumb for her inspired chronicles of forensic anthropologist Elizabeth MacPherson. In her newest tale in the MacPherson saga, McCrumb examines society's fascination with beauty--and the deceptiveness of outer appearances. Elizabeth herself, hospitalized for depression over her missing husband, learns that insanity liberates one from polite hypocrisy, enabling a ""crazy lady"" to remark: ""Anorexia is not a disease; it's a career move."" <br>Out in the real world, Elizabeth's brother Bill has bought a stately old mansion to use as his law office, only to find that the house comes with a charming codger-in-residence who is far too old to be a dangerous outlaw. . . isn't he? Meanwhile, the steel magnolia who is Bill's law partner is trying to track down the PMS Outlaws--an escaped convict and her fugitive attorney--who are cruising pickup joints and wreaking a peculiar vengeance on lust-crazed men. <br>Sharyn McCrumb's incisive wit and her genius for mirroring everyday life are once again on full display. The PMS Outlaws is an outrageous parable of modern mores, where beauty is the weapon, and nobody is safe. <br>*The New York Times Book Review","Fiction, Humorous, Mystery & Detective, Women Sleuths","Fiction, Humorous, Mystery & Detective",en,312.0,Paperback,https://images.isbndb.com/covers/26448303482310.jpg,,0.64692426,False
13854,0345364279,The Windsor Knot,Sharyn McCrumb,1992,Ballantine Books,"""Delicious. Delightful. A Royal entertainment.""<br> Carolyn G. Hart<br> If forensic anthropologist and ameteur slueth Elizabeth MacPherson is to have tea with the Queen of England, she has to get married first. And in the space of five weeks, she plans to do just that. When an old neighbor receives word that her husband has died again, it's up to Elizabeth to determine just whose ashes the double widow has been cursing at all these years....<br> From Mystery Writers of America award winner Sharyn McCrumb, author of MacPHERSON'S LAMENT, and IF I'D KILLED HIM WHEN I MET HIM...","Fiction, Mystery & Detective, Women Sleuths, Amateur Sleuth, Thrillers, Crime","Fiction, Mystery & Detective, Women Sleuths",en,217.0,Mass Market Paperback,https://images.isbndb.com/covers/26267823482310.jpg,,0.64689845,False
3549,0440235146,A Sudden Change of Heart,Barbara Taylor Bradford,1999,Dell Publishing Company,"From master storyteller Barbara Taylor Bradford comes a magnificent new novel, a powerful, moving story of two women, two families, and an extraordinary friendship challenged by tragedy and a devastating secret from the past....<br><br>Some secrets are too terrible to share--even with your best friend....<br><br>Nothing hurts like the truth.  A truth that has haunted Claire Benson all her life. A truth that Claire has revealed to no one, not even to her best friend, International art dealer Laura Valiant. But the friendship that has sheltered both women throughout childhood, marriage and divorce is about to meet its greatest test.  Suddenly old nightmares surface as Claire turns to her dearest friend for help.  And as Laura's career leads her into the past, in an investigation of artwork stolen by the Nazis, she uncovers disturbing links to the present, to Claire, and a profoundly personal reason to follow a twisted trail to its surprising end....","Fiction, Women, Family Life, Thrillers, Suspense","Fiction, Women, Family Life",en,400.0,Mass Market Paperback,https://images.isbndb.com/covers/20059733482344.jpg,,0.6466706,False
4093,0446515078,Scarlett: The Sequel to Margaret Mitchell's Gone With the Wind,Alexandra Ripley,1991,Warner Books Inc,"Rarely is there a publishing event as anxiously-awaited, as talked-about, and as thrilling as this one. Backed by a blockbuster program of publicity, advertising, and promotion, Scarlett is going to be one of the books on everyone's must-have reading list. Alexandra Ripley is one of today's foremost creators of serious Southern historical fiction, and after an exhaustive search by Mithcell's estate, she was chosen to write the sequel to perhaps the greatest love story of all time.","Fiction, Historical, Romance","Fiction, Historical, Romance",en,823.0,Hardcover,https://images.isbndb.com/covers/26687443482346.jpg,,0.6466102,False
3435,0553285785,Public Secrets,Nora Roberts,1990,Bantam,"<b><i>New York Times </i>bestselling author Nora Roberts deftly blends romance and suspense in this compelling novel of a woman whose career, marriage, and very life are threatened by the truth about her own past.</b><br> <br>Emma McAvoy may have grown up in the limelight, but some secrets are hidden in a darkness no light can reach. Now on the verge of a successful career, and having fallen in love with the man of her dreams, Emma is looking to the future. Yet it’s the past that is about to catch up with her.<br> <br>For Emma, her childhood had been almost like a rags-to-riches fairy tale—until the tragic night that changed her family forever. But what Emma thinks she knows about that terrible night and the man she’s about to marry is only half the truth. The other half is locked away in the last place she’d ever think to look: her own memories. It’s a mystery a handsome and relentlessly driven homicide detective needs to solve in a case that’s haunted him for years—and a secret someone will kill to keep.","Fiction, Romance, Contemporary, Suspense","Fiction, Romance, Contemporary",en,512.0,Mass Market Paperback,https://images.isbndb.com/covers/27134533482384.jpg,,0.64601934,False
8681,0743225120,A Child's Book of True Crime,Chloe Hooper,2002,Scribner,"While having a passionate affair with the father of Lucien, one of her brightest students, Kate Byrne learns that Lucien's mother has just published a novel about the brutal murder of a young adultress that occured twenty years ago, and when Lucien begins drawing violent images, Kate becomes obsessed with the murder, risking the chance of suffering the same fate as the murdered adultress. 100,000 first printing.","TEACHERS_FICTION, FICTION_MYSTERY & DETECTIVE_GENERAL, AUSTRALIA_FICTION","TEACHERS_FICTION, FICTION_MYSTERY & DETECTIVE_GENERAL, AUSTRALIA_FICTION",en,240.0,Hardcover,https://images.isbndb.com/covers/16694123482452.jpg,,0.64598155,False
11324,0451404467,Midnight Star,Catherine Coulter,1996,Topaz,"The second book in the acclaimed ""Star"" saga, now repackaged, tells the story of British heiress Chauncey Fitzhugh, who has come to San Francisco to exact revenge on the man she believes ruined her father. But he is not the scoundrel she expected. He is charming, rich, handsome--and as elusive as a wisp of smoke.","Fiction, Romance","Fiction, Romance",en,461.0,Mass Market Paperback,https://images.isbndb.com/covers/19409743482348.jpg,,0.6459612,False
7500,0140264795,Rosie: A Novel,Anne Lamott,1997,Penguin Books,"<b>From the <i>New York Times</i> bestselling author of <i>Help, Thanks, Wow</i>; <i>Small Mercies</i>; and <i>Stitches</i>, a wise and witty novel about motherhood. Look out for Anne's next book,<i> Hallelujah Anyway</i>, coming in 2017.</b><br><br>In Anne Lamott’s wise and witty novel, the growing pains of motherhood are portrayed with rare humor and honesty. If Elizabeth Ferguson had her way, she’d spend her days savoring good books, cooking great meals, and waiting for the love of her life to walk in the door. But it’s not a man she’s waiting for, it’s her daughter, Rosie—her wild-haired, smart-mouthed, and wise-beyond-her-years alter ego. With Rosie around, the days aren’t quite so long, but Elizabeth can’t keep the realities of the world at bay, and try as she might, she can’t shield Rosie from its dangers or mysteries. As Rosie grows older and more curious, Elizabeth must find a way to nurture her extraordinary daughter—even if it means growing up herself.","Fiction, Literary, Family Life, Sagas","Fiction, Literary, Family Life",en,288.0,Paperback,https://images.isbndb.com/covers/25535683482237.jpg,,0.645848,False
13576,0743436601,The Women of Primrose Creek (Omnibus) : Bridget/Christy/Skye/Megan,Linda Lael Miller,2002,Pocket,"<b> Bridget </b> She lost her husband to the Civil War; now, starting a new life out West, she never dreamed his best friend, Trace Qualtrough, could spark a forbidden passion. <b> Christy </b> All she wanted was a secure, steady home life in Primrose Creek. Lawman Zachary Shaw was hardly husband material -- but he surely sent her heart pounding wildlyŠ. <b> Skye </b> Lumber baron Jake Vigil took a chance on Skye's sweet and healing love. Now, their delicate bond faces the ultimate test when a business deal threatens to tear them apart. <b> Megan </b> A shocking revelation greets Megan when she returns to Primrose Creek. Will placing her trust in landowner Webb Stratton bring hope -- or more heartache?","Fiction, Romance, Historical","Fiction, Romance, Historical",en,704.0,Paperback,https://images.isbndb.com/covers/18808933482452.jpg,,0.645713,False
7459,0821775472,When We Touch (Zebra Historical Romance),Shannon Drake,2004,Zebra Books,"The New York Times bestselling author transports readers back to Victorian London, where amidst the very real dangers of the time a bevy of lovers stumble upon a spectacle of sin and scandal. Original.","Fiction, Romance, Historical","Fiction, Romance, Historical",en,444.0,Mass Market Paperback,https://images.isbndb.com/covers/15795593482480.jpg,,0.6456034,False
10873,0553290789,Genuine Lies,Nora Roberts,1999,Bantam,"<b><i>New York Times</i> bestselling author Nora Roberts weaves scandal, celebrity secrets, and murder into an explosive novel of Hollywood almost too wicked not to be true: the story of a legendary actress who knows too much—and the woman she’s chosen to reveal it all. . . . </b><br> <b><br> </b>Eve Benedict is the kind of subject who could make any biographer’s career. Last of the movie goddesses, she has two Oscars, four ex-husbands, and a legion of lovers, both famous and infamous. Now she is ready to write a tell-all memoir that has even Hollywood’s richest and most powerful worried.<br><br> Julia Summers never dreamed of being chosen to tell Eve’s story. But even if it means transplanting herself and her ten-year-old son from their quiet life in Connecticut to the withering limelight of Beverly Hills, it’s an opportunity too great to pass up. But Julia never imagined how far someone would go to keep Eve Benedict’s book from being published . . . until she discovers just how dark Eve’s secrets are. And the one man Julia hopes she can trust—Eve’s stepson, Paul Winthrop—may have the most to gain if his stepmother’s story is never told . . . and if Julia’s life ends before she can write a word of the truth. <br><br><b>“Roberts does a beautiful job weaving together the movie star’s tittilating tales and the love story that develops.”—<i>USA Today</i></b>","Fiction, Romance, Suspense, Contemporary, Women","Fiction, Romance, Suspense",en,528.0,Mass Market Paperback,https://images.isbndb.com/covers/27184473482384.jpg,,0.6454493,False
9531,1550810510,Random Passage,Bernice Morgan,1992,Breakwater Books Ltd,"Forced to flee England, the Andrews family books passage to a fresh start in a distant country, only to discover a barren, inhospitable land at the end of their crossing. To seventeen-year-old Lavinia, uprooted from everything familiar, it seems a fate worse than the one they left behind. Driven by loneliness she begins a journal. Random Passage satisfies the craving for those details that headstones and history books can never give: the real story of our Newfoundland ancestors, of how time and chance brought them to the forbidding shores of a new found land. It is a saga of families and of individuals; of acquisitive Mary Bundle; of charming Ned Andrews, whose thievery has turned his family into exiles; of mad Ida; of Thomas Hutchings, who might be an aristocrat, a holy man, or a murderer; and of Lavinia - who wrote down the truth and lies about them all. Random Passage has been adapted into a CBC miniseries and is now a national bestseller.","Fiction, Historical, Literary","Fiction, Historical, Literary",en,269.0,Paperback,https://images.isbndb.com/covers/3840563482740.jpg,,0.6453663,False
9838,0449219828,Scandalous Risks,Susan Howatch,1991,Fawcett Books,"<i>The Washington Post Book World</i> has proclaimed that “Susan Howatch may well become the Anthony Trollope of the twentieth century.” Now, in <i>Scandalous Risks, </i>Howatch returns us to the English town of Starbridge, home to a great medieval cathedral and the religious, political, and sexual intrigues that whirl around it. It is into this charged atmosphere—in the already overheated 1960s—that a young woman searching for meaning in her life, and an older man prominent in the Church, begin moving inexorably toward emotional collision.<br><br>As Venetia Flaxton edges closer to the threshold of a love affair with Neville Aysgarth, who is Dean of the Cathedral and old enough to be her father, his hidden emotional past and her moral conflict in the present lead them deeper and deeper into the mysteries of the human heart and soul. Here is a powerful and moving novel of good and evil, resolve and temptation, hope and despair.<br><br><b>Praise for <i>Scandalous Risks</i></b><br><br>“Wonderful.”<b>—<i>The Cleveland Plain Dealer<br></i></b><br>“Howatch is at her best when dealing with conflict, bringing a passion and tension to her portarit of people facing moral dilemmas.”<b>—<i>The Washington Post<br></i></b><br>“Keep[s] one turning the pages.”<b>—<i>The New York Times Book Review<br></i></b><br>“Passionate.”<b>—<i>Entertainment Weekly</i></b>","Fiction, Historical, Religious, Romance, 20th Century","Fiction, Historical, Religious",en,480.0,Mass Market Paperback,https://images.isbndb.com/covers/25649163482347.jpg,,0.64532113,False
4599,0440234700,The Bridegroom,Joan Johnston,1999,Island,"He vowed to wed, bed, and abandon her. But love got in the way...<br><br>Joan Johnston sweeps you back to Regency era England and Scotland with a love story that will take your breath away. Here is romance at its best as Johnston brings back unforgettable characters from her bestsellers <b>Captive</b>, <b>After the Kiss</b>, and <b>The Bodyguard</b> in a spellbinding novel of seduction and betrayal.<br><br>She was the reigning belle of the <i>ton</i> for the fourth Season in a row, but Lady Regina Wharton, the Duke of Blackthorne's daughter, was determined to avoid the perils of marriage. She had already seen enough to distrust all men. Then Clay Bannister, the dashing Earl of Carlisle, dared to steal a kiss and stir new and exciting desires.<br><br>Scarred by tragedy, Carlisle intrigued her with his mysterious past and his dark, dangerous charm. She never suspected she was about to marry her father's most vengeful enemy—or that her greatest defense would be the passions he could not resist....","Fiction, Romance, Historical, Regency, Scottish","Fiction, Romance, Historical",en,384.0,Mass Market Paperback,https://images.isbndb.com/covers/20055323482344.jpg,,0.64483666,False
2076,1400061598,"The Art of Mending : A Novel (Berg, Elizabeth)",ELIZABETH BERG,2004,Random House,"It begins with the sudden revelation of astonishing secrets—secrets that have shaped the personalities and fates of three siblings, and now threaten to tear them apart. In renowned author Elizabeth Berg’s moving new novel, unearthed truths force one seemingly ordinary family to reexamine their disparate lives and to ask themselves: Is it too late to mend the hurts of the past?<br/><br/>Laura Bartone anticipates her annual family reunion in Minnesota with a mixture of excitement and wariness. Yet this year’s gathering will prove to be much more trying than either she or her siblings imagined. As soon as she arrives, Laura realizes that something is not right with her sister. Forever wrapped up in events of long ago, Caroline is the family’s restless black sheep. When Caroline confronts Laura and their brother, Steve, with devastating allegations about their mother, the three have a difficult time reconciling their varying experiences in the same house. But a sudden misfortune will lead them all to face the past, their own culpability, and their common need for love and forgiveness.<br/><br/>Readers have come to love Elizabeth Berg for the “lucent beauty of [her] prose, the verity of her insights, and the tenderness of her regard for her fellow human” (Booklist). In The Art of Mending, her most profound and emotionally satisfying novel to date, she confronts some of the deepest mysteries of life, as she explores how even the largest sins can be forgiven by the smallest gestures, and how grace can come to many through the trials of one.","SIBLINGS_FICTION, FICTION_PSYCHOLOGICAL, FICTION_SAGAS","SIBLINGS_FICTION, FICTION_PSYCHOLOGICAL, FICTION_SAGAS",en,256.0,Hardcover,https://images.isbndb.com/covers/12984003482686.jpg,,0.6445954,False
3853,0140434003,Jane Eyre (Penguin Classics),Charlotte Bronte,1996,Penguin Books,"Jane Eyre is a wildly emotional romance with a lonely heroine and a tormented Byronic hero, pathetic orphans, dark secrets, and a madwoman in the attic. When it was<br/>published in 1847, it was a great popular success. The power of the writing, the masterly<br/>handling of the narrative, and the boldly realistic style were much admired. But many found it difficult to believe that Currer Bell, the pseudonymous author, was Charlotte Brontë , a young woman from a bleak Yorkshire parsonage.","BRITISH AND IRISH FICTION (FICTIONAL WORKS BY ONE AUTHOR), ENGLAND_FICTION, MAN-WOMAN RELATIONSHIPS_FICTION","BRITISH AND IRISH FICTION (FICTIONAL WORKS BY ONE AUTHOR), ENGLAND_FICTION, MAN-WOMAN RELATIONSHIPS_FICTION",fr,633.0,Paperback,https://images.isbndb.com/covers/27227793482237.jpg,,0.64451265,False
5679,038075620X,Night Fire,Catherine Coulter,1989,Avon,"<p>Dear Reader: </p> <p><i>Night Fire</i>, the first of the <i>Night</i> Trilogy, was first published in early 1989. I haven't rewritten it, just cleaned it up a bit and Avon books has given it a wonderful new cover.</p> <p>Arielle Leslie is a sixteen-year-old girl forced to wed Paisley Cochrane, a sadistic old man who abuses her. When he dies, she believes herself free. But she's not.</p> <p>Burke Drummond, Earl of Ravensworth -- a young man she'd worshipped three years before -- is home from the wars, and he wants her. When he catches her, he's in for an appalling surprise.</p> <p>I hope Burke and Arielle are two people who will touch you as deeply as they touched me. They face problems and obstacles never spoken of in Regency times. </p> <p>If you haven't yet read <i>Night Fire</i>, do give it a try.</p> <p> -- Catherine Coulter</p>","Fiction, Romance, Historical, Erotic","Fiction, Romance, Historical",en,400.0,Mass Market Paperback,https://images.isbndb.com/covers/15071923482323.jpg,,0.6444627,False
1793,0440225892,"The Heiress (Bride Quest Series, 3)",Claire Delacroix,1999,Dell Publishing Company,"""When you open a book by Claire Delacroix, you open a treasure chest of words, rare and exquisite!""<br> --<i>Rendezvous</i><br> <br> <br> ""I seek a bride, the wealthiest heiress in Ireland.""<br> <br> No woman can resist the charms of Rowan de Montvieux. But the dashing rogue is in no hurry to marry--until his family dares him to find a bride . . . or risk losing his inheritance. So Rowan sets out on a Bride Quest, vowing to wed only . . .<b>The Heiress</b>.<br> <br> But his journey is interrupted when a slave merchant offers to sell him a ragged peasant girl who carries herself like a queen. Intrigued and never imagining she is the sought-after Bronwyn of Ballyroyal, an heiress in disguise, Rowan buys her, offering her his protection if she will lead him to the bride he seeks.<br> <br> Never has he met a woman so proud, so beautiful, so defiant. He suspects she is no commoner and vows to uncover her secrets and melt her fiery resolve. But the perilous voyage to Ireland kindles passions that risk both their lives, as the slave girl who would not be mastered slowly takes possession of his wary heart. . . .<br> <br> <br> Don't miss the first two novels in the breathtaking Bride Quest trilogy: <b>The Princess</b> and <b>The Damsel</b>, both available from Dell.","Fiction, Romance, Historical","Fiction, Romance, Historical",en,364.0,Paperback,https://images.isbndb.com/covers/19967223482344.jpg,,0.6441201,False
11247,0345450728,Distant Shores,Kristin Hannah,2003,Ballantine Books,"<b><i>NEW YORK TIMES</i> BESTSELLER • The beloved author of <i>The Women </i>explores the heartbreaking choices facing a couple who have forgotten how to love each other.<br><br>“Hannah examines whether love and commitment are enough to sustain a marriage when two people who have put their individual dreams on ice get a chance to defrost them . . . in fast-moving prose punctuated by snappy asides.”—<i>People</i></b><br><br>Elizabeth and Jackson Shore married young, raised two daughters, and weathered the storms of youth as they built a family. From a distance, their lives look picture perfect. But after the girls leave home, Jack and Elizabeth quietly drift apart. When Jack accepts a wonderful new job, Elizabeth puts her own needs aside to follow him across the country. <br><br>Then tragedy turns Elizabeth’s world upside down. In the aftermath, she questions everything about her life—her choices, her marriage, even her long-forgotten dreams. In a daring move that shocks her husband, friends, and daughters, she lets go of the woman she has become—and reaches out for the woman she wants to be.","Fiction, Women, Sagas, Romance, Contemporary","Fiction, Women, Sagas",en,416.0,Mass Market Paperback,https://images.isbndb.com/covers/27132323482310.jpg,,0.64406097,False
9656,0679766626,Last Orders,Graham Swift,1997,Vintage Books USA,"Four men gather in a London pub. They have taken it upon themselves to carry out the last orders of Jack Dodds, master butcher, and deliver his ashes to the sea. As they drive towards the fulfillment of their mission, their errand becomes an extraordinary journey into their collective and individual pasts. Braiding these men's voices, and that of Jack's widow, into a choir of sorrow and resentment, passion and regret, Swift creates a testament to a changing England and to enduring mortality. <br><br><br><br>""Swift has involved us in real, lived lives...Quietly, but with conviction, he seeks to affirm the values of decency, loyalty, love.""--New York Review of Books<br><br><br>""A beautiful book...a novel that speaks profoundly of human need and tenderness. Even the most cynical will be warmed by it.""--San Francisco Chronicle","Fiction, Literary, Psychological, Friendship","Fiction, Literary, Psychological",en,304.0,Paperback,https://images.isbndb.com/covers/28082383482429.jpg,,0.6436182,False
2882,0140434186,Wuthering Heights (Penguin Classics),Emily Bronte,1996,Penguin Books,"Emily Bronte's only novel appeared to mixed reviews in 1847, a year before her death at the age of thirty. In the relationship of Cathy and Heathcliff, and in the wild, bleak Yorkshire Moors of its setting, Wuthering Heights creates a world of its own, conceived with a disregard for convention, an instinct for poetry and for the dark depths of human psychology that make it one of the greatest novels of passion ever written.","Fiction, Classics, Literary","Fiction, Classics, Literary",en,353.0,Mass Market Paperback,https://images.isbndb.com/covers/27229643482237.jpg,,0.6433386,False
4644,1853261912,Mrs. Dalloway (Wordsworth Collection),Virginia Woolf,1999,NTC/Contemporary Publishing,"<p>With an Introduction and Notes by Merry M. Pawlowski, Professor and Chair, Department of English, California State University, Bakersfield.</p> <p>Virginia Woolf's singular technique in Mrs Dalloway heralds a break with the traditional novel form and reflects a genuine humanity and a concern with the experiences that both enrich and stultify existence.</p> <p>Society hostess, Clarissa Dalloway is giving a party. Her thoughts and sensations on that one day, and the interior monologues of others whose lives are interwoven with hers gradually reveal the characters of the central protagonists. Clarissa's life is touched by tragedy as the events in her day run parallel to those of Septimus Warren Smith, whose madness escalates as his life draws toward inevitable suicide.</p>","Fiction, Classics, Literary, Psychological, Women, Family Life, Marriage & Divorce","Fiction, Classics, Literary",en,141.0,Paperback,https://images.isbndb.com/covers/23175033482847.jpg,,0.6432972,False
14275,0380763397,Only Mine,Elizabeth Lowell,1992,Avon,"<p>Whether she′s creating incomparable love stories of passion and redemption or breathtaking tales of romantic suspense, there is simply no finer storyteller at work today than the phenomenal New York Times bestseller Elizabeth Lowell.</p> <p> The bastard son of a viscount and a Cheyenne shaman′s daughter, Wolfe Lonetree agrees to rescue the pampered Lady Jessica from an unwanted impending wedding -- but only if she will be his wife. </p> <p> Naive and shockingly innocent, Lady Jessica Charteris tricked a rugged, handsome stranger into a marriage in name only in order to escape a union with a vile British lord. Totally unprepared for the hardships awaiting her in America, she is terrified by the prospect of life in the harsh and magnificent land at the edge of the Rockies. But even more frightening is Wolfe himself -- a man whose raw sensuality leaves her breathless. Her proud, virile new ""husband"" is not one to be trifled with, nor will he be denied what his heart fervently desires -- for only in Wolfe Lonetree′s arms can Jessica truly learn the unparalleled joy of becoming the right man′s woman.</p>","Fiction, Romance, Historical","Fiction, Romance, Historical",en,400.0,Mass Market Paperback,https://images.isbndb.com/covers/15143823482323.jpg,,0.6432787,False
1245,0380812029,All About Passion (Cynster Novels),Stephanie Laurens,2001,Avon,"<p>New York Times bestselling Australian author Stephanie Laurens delivers the latest tale in the immensely popular Cynster series. When Chillington is elected an ′honorary Cynster′ at the end of All About Love, he knows he needs a wife , and an heir. His goal; a simple marriage without romance. He agrees to marry a woman he believes to be pliant and quiet. Unfortunately for him, the woman he thinks is Francesca Rawling is really her cousin, Franni.Francesca herself is proud, passionate and opinionated in short, the perfect bride for a Cynster...</p>","Fiction, Romance, Historical","Fiction, Romance, Historical",en,448.0,Mass Market Paperback,https://images.isbndb.com/covers/15630113482323.jpg,,0.643277,False
11118,0804119732,Lord of Ice,Gaelen Foley,2002,Ivy Books,"<b><i>Celebrated as an extraordinary new talent in romance, Gaelen Foley astounds readers with her vibrant stories of passion and adventure. Now, hot on the heels of her daring </i>Lord of Fire<i>, she spins the powerful tale of a hero tempted by the one woman he is forbidden to love. . . . <br></i></b><br>Damien Knight, the earl of Winterley, is proud, aloof, and tormented by memories of war. Though living in seclusion, he is named guardian to a fellow officer’s ward. Instead of the young homeless waif he was expecting, however, Miranda FitzHubert is a stunning, passionate beauty who invades his sanctuary and forces him back into society. Struggling to maintain honor and self-control, Damien now faces an even greater threat: desire.<br><br>A bold, free spirit, Miranda has witnessed the darkest depths of Damien’s soul–and has seen his desperate need for love. But before she can thaw his unyielding heart, she must endure a terrifying nightmare of her own. . . .","Fiction, Romance, Historical, Regency, Suspense, Action & Adventure","Fiction, Romance, Historical",en,432.0,Mass Market Paperback,https://images.isbndb.com/covers/7752873482474.jpg,,0.64319706,False
7588,0743410602,Irresistible (Banning Sisters Trilogy),Karen Robards,2002,Pocket,"Claire Banning fulfilled every debutante's dream when she married a rich nobleman. Soon, however, the celebrated beauty realizes she wed a dissolute wastrel. Bitterly hurt and desperately lonely, Claire vows nonetheless to take her expected place in society. Then on a journey home to her husband's estate on the coast of Sussex, she is abducted, and her life -- and her heart -- are changed forever. <br> Hugh Battancourt -- a dark and dangerous nobleman who long ago turned his back on the ton and now leads a life secretly dedicated to his country's service -- is determined not to be swayed by his prisoner's beauty as they share a cabin on a ship bound for France. Lives depend on his retrieving from her a letter full of secrets she intends to turn over to the enemy. But even as Claire and Hugh engage in a battle of wits and wills, captor and captive find themselves drawn irresistibly to each other. Is it possible, Claire wonders, that she could discover the true meaning of love that has eluded her with this handsome stranger? One who will lay his life on the line in order to protect her from someone who is intent on placing Claire in the path of danger? <br> <b>With this sensual and entrancing tale, bestselling author Karen Robards continues her wonderful trilogy of three sisters taking their rightful place as the belles of Regency England's <i>ton.</i></b>","Fiction, Romance, Historical, Regency, Women","Fiction, Romance, Historical",en,416.0,Mass Market Paperback,https://images.isbndb.com/covers/18548933482452.jpg,,0.6426282,False
8378,0671778684,Dreaming,Jill Barnett,1994,Pocket,"""Romantic Times"" hails Jill Barnett as ""a true new star of the genre!"" Unfailingly engaging and original, she now concocts another winning tale wherein a stubborn lord and a high-spirited lass are locked in a battle of wills...and on a collision course with love. <p> Most English girls meet their heart's desire across a crowded ballroom or in a genteel parlor. Letitia Olive Hornsby finds hers when she knocks him into a river. A curly-haired, blue-eyed hellion of only eleven, she decides even then that Richard, the dashing, handsome, and totally disreputable son of the Earl of Downe, is the white knight of her dreams. <p> Now fully grown and unexpectedly beautiful, Letty is spinning a plan to save Richard from himself...by marrying him, of course. And he soon has the bruises to prove it. The insufferable, albeit unforgettable, chit has come back into Richard's life with a crash -- literally falling into his arms. He is struck by her softness, her dizzying scent, and her impossible meddling in his ruinous drinking, gambling, and amorous liaisons. But when fate makes them prisoners of a ring of dangerous smugglers, Richard discovers in his mischievous cellmate a pure, romantic, questing spirit that sparks a flame in his own shadowed heart. If only they can escape, a wondrous passion can blaze free...and they can find a lifetime's adventures in each other's arms.","Fiction, Romance, Historical","Fiction, Romance, Historical",en,326.0,Mass Market Paperback,https://images.isbndb.com/covers/4374493482427.jpg,,0.6424397,False
12413,0060578955,The Way the Crow Flies: A Novel (Today Show Book Club #18),Ann-Marie MacDonald,2003,HarperCollins,"<p>In her highly anticipated new novel, Ann-Marie MacDonald takes us back to a postwar world. For Madeleine McCarthy, high-spirited and eight years old, her family's posting to a quiet air force base near the Canadian-American border is at first welcome, secure as she is in the love of her family and unaware that her father, Jack, is caught up in his own web of secrets. The early sixties, a time of optimism infused with the excitement of the space race and overshadowed by the menace of the Cold War, is filtered through the rich imagination of a child as Madeleine draws us into her world.</p> <p>But the base is host to some intriguing inhabitants, including the unconventional Froehlich family, and the odd Mr. March, whose power over the children is a secret burden that they carry. Then tragedy strikes, and a very local murder intersects with global forces, binding the participants for life. As the tension in the McCarthys' household builds, Jack must decide where his loyalties lie, and Madeleine learns about the ambiguity of human morality -- a lesson that will become clear only when the quest for the truth, and the killer, is renewed twenty years later.</p> <p><i>The Way the Crow Flies</i> is a novel that is as compelling as it is rich. With her unerring eye for the whimsical, the absurd, and the quintessentially human, Ann-Marie MacDonald stunningly evokes the pain, confusion, and humor of childhood in a perilous adult world. At once a loving portrayal and indictment of an era, <i>The Way the Crow Flies</i> is a work of great heart and soaring intelligence.</p>",Fiction,Fiction,en,736.0,Hardcover,https://images.isbndb.com/covers/15079433482209.jpg,,0.6421907,False
3700,0312983484,Lead Me On,Julie Ortolon,2003,St. Martin's Paperbacks,"<b>When A Woman Who's Willing To Say Yes...</b><br>Allison St. Claire has the face of an angel. That's part of the problem. She also sells quaint tea sets in the gift shop at Galveston's Pearl Island Inn. It doesn't exactly scream sexy! Years of having men treat her like a little sister is enough to drive a healthy woman crazy! Especially when a gorgeous hunk checks in and fails to recognize that Allison's more than willing. She's ready...<br><br><b>Meets A Man Who Isn't Listening...</b><br>Frustrated author Scott Lawrence is hoping to get lucky in more ways than one. A little fun in the sun with a beautiful woman may be just the inspiration he needs to cure his writer's block. No fuss. No commitment. But a 'good girl' like Allison? No way!<br><br><b>Then It's Time For Action.</b><br>When Allison makes her move, every bachelor bone in Scott's body tells him to swim for safety. But stronger instincts prevail, and the heat climbs higher than the temperature on the Gulf Coast. Now a four-letter word called love could turn a sweet spring diversion into the most unexpected and complicated fling of their lives.<br><br>""Julie Ortolon has perfected the art of the male/female relationship."" -Virginia Henley<br><br> ""An author on the rise...endearing, emotional, and romantic!"" --<i>Romantic Times</i><br>","Fiction, Romance, Contemporary","Fiction, Romance, Contemporary",en,352.0,Mass Market Paperback,https://images.isbndb.com/covers/11403613482299.jpg,,0.6421601,False
10051,0449912051,The Patron Saint of Liars,Ann Patchett,1996,Ballantine Books,"""Beautifully written...Ann Patchett has produced a first novel that second- and third-time novelists would envy for its grace, insight, and compassion."" <br>BOSTON HERALD <br>St. Elizabeth's is a home for unwed mothers in the 1960s. Life there is not unpleasant and for most, it is temporary. Not so for Rose, a beautiful mysterious woman who comes to the lovely ex-hotel pregnant, but not unwed. She plans to give her baby up because she knows she cannot be the mother it needs. But St. Elizabeth's is near a healing spring, and when Rose's time draws near, she cannot go through with her plans, not all of them. And she cannot remain forever untouched by what she has left behind and who she has become in the leaving.... <p>""From the Paperback edition.","Fiction, Literary, Coming of Age, Women, Family Life","Fiction, Literary, Coming of Age",en,336.0,Paperback,https://images.isbndb.com/covers/4485663482348.jpg,,0.6420841,False
8404,0399150838,"So Many Books, So Little Time: A Year of Passionate Reading",Sara Nelson,2003,G. P. Putnam's Sons,"A publishing correspondent chronicles a year's worth of reading to explore how the world of books intermingled with her relationships, a journey during which she discovered that the books chose her as much as she chose them, came to recognize the intimacy of the written word, and learned to recognize emotional responses to literary themes. 35,000 first printing.",BOOKS AND READING,BOOKS AND READING,en,256.0,Hardcover,https://images.isbndb.com/covers/2417683482330.jpg,,0.64202523,False
9599,0312972814,Silk and Steel,Kat Martin,2000,St. Martin's Press,"She could take his name, <br><br>Lady Kathryn Grayson is a gently bred noblewoman with a privileged future ahead of her..until her greedy uncle decides to steal her fortune by committing her to an insane asylum. Her only escape is to stow away in the carriage of Lucien Montaine, Marquess of Litchfield, who hears her story with disbelief and suspicion. Yet Kathryn's instincts tell her Lord Litchfield is a man of honor-and her only salvation. Desperate to save herself, she attempts to seduce him and forces him into marriage.<br><br>But she couldn't take his heart.<br><br>The moment Lucien encounters the ragged, hungry waif with the dignity of a queen, he fights against wanting her. Though captivated by her intellect, strong will, and beauty, he will never love the woman who has deceived him.<br><br>Or so he thought...<br><br>Though their battle of wills grows stronger every day, desire threatens to overpower his fury. Can this maddening woman who is now his bride melt his heart of steel? Or will her silken touch only strengthen his vow never to fall prey to the dangers of love?<br>","Fiction, Fantasy, Romance, Historical, Regency","Fiction, Fantasy, Romance",en,354.0,Paperback,https://images.isbndb.com/covers/11296923482299.jpg,,0.6420245,False
3546,0449215482,The Silk Vendetta,Victoria Holt,1988,Ivy Books,"""THE PROLIFIC MISS HOLT COMBINES SUSPENSE AND ROMANCE WITH THE MASTER'S TOUCH"".<br>--Boston Herald<br>For as long as she could remember, the exquisite Lenore Cleremont had lived at The Silk House, the luxurious English country estate of the wealthy Sallonger family. Neither servant nor true member of the family, she grew up under the protection of her Grand'mere--who worked designing the luxurious gowns for the family's vast silk trade.<br>Lenore showed promise as a dress designer herself. But most important, she had won the heart of the two charismatic Sallonger sons: Charles, handsome but cruel, and Phillip, as kind-hearted as he was charming.<br>But tragedy was ready to strike. Soon Lenore found herself playing a central role in a drama that threatened to destroy everything she held dear. . . .<br>""Victoria Holt [is] the doyenne of romantic suspense fiction"".<br>--The Grand Rapids Press","Fiction, Romance, Historical","Fiction, Romance, Historical",en,373.0,Mass Market Paperback,https://images.isbndb.com/covers/25605743482347.jpg,,0.6420223,False
4675,0385316917,Special Delivery,Danielle Steel,1997,Delacorte Press,"In a novel that explores the fun and challenge, and occasional absurdity, of new beginnings, Danielle Steel tells the story of two people who find love where and when they least expect it.<br> <br> At fifty-nine, Jack Watson owns one of the most successful boutiques in Beverly Hills, has two adult children who are the light of his life, and his choice of Hollywood's most beautiful women. After a failed marriage in the distant past, and a brief, tragic affair years afterward, Jack has become the perfect bachelor. And he loves it.<br> <br> Amanda Robbins knew Jack Watson only as her daughter's father-in-law, an incurable playboy whom she dislikes intensely. Theirs had been a relationship based solely upon the marriage of her daughter to his son. And Amanda wants no other relationship with him. But when she becomes a widow unexpectedly, twenty-six years after she retired from Hollywood stardom to become a wife and mother, Amanda finds herself on unfamiliar ground, and is surprised to find herself both befriended by, and attracted to, Jack Watson. Worse yet, she likes him. There is a lot more to him than she previously suspected.<br> <br> Amanda's shock at her attraction to Jack is equaled only by her children's. Then suddenly, a startling announcement stuns both families, as Jack and Amanda are faced with an unexpected gift that neither thought possible, and with a choice that provides them both considerable challenge. But at a time in their lives when they least expect to feel that way, they not only feel young again, but are blissfully happy, in spite of the confusion, opposition, and obstacles all around them. <b>Special Delivery</b> is about what two people do when life gives them everything they wanted, twenty years after they expected to find it. In her fortieth bestselling novel, Danielle Steel makes us laugh and cry as she touches the heart with tenderness and accuracy.","Fiction, Sagas, Romance, Contemporary, Women","Fiction, Sagas, Romance",en,217.0,Hardcover,https://images.isbndb.com/covers/4507353482325.jpg,,0.64192915,False
3661,0140430148,The Moonstone (Penguin Classics),Wilkie Collins,1966,Penguin Books,"A novel which reflects the underside of Victorian life. A tale of a stolen jewel, foreign menace and violent death. A telling social portrait.","VERINDER, RACHEL (FICTITIOUS CHARACTER)_FICTION, ENGLAND_FICTION, BRITISH AND IRISH FICTION (FICTIONAL WORKS BY ONE AUTHOR), FICTION_MYSTERY & DETECTIVE_POLICE PROCEDURAL","VERINDER, RACHEL (FICTITIOUS CHARACTER)_FICTION, ENGLAND_FICTION, BRITISH AND IRISH FICTION (FICTIONAL WORKS BY ONE AUTHOR)",en,528.0,Paperback,https://images.isbndb.com/covers/27189183482237.jpg,,0.64188933,False
5913,0486266907,Ethan Frome (Dover Thrift Editions),Edith Wharton,1991,Dover Publications,"Perhaps the best-known and most popular of Edith Wharton's novels, <i>Ethan Frome</i> is widely considered her masterpiece. Set against a bleak New England background, the novel tells of Frome, his ailing wife Zeena and her companion Mattie Silver, superbly delineating the characters of each as they are drawn relentlessly into a deep-rooted domestic struggle.<br>Burdened by poverty and spiritually dulled by a loveless marriage to an older woman. Frome is emotionally stirred by the arrival of a youthful cousin who is employed as household help. Mattie's presence not only brightens a gloomy house but stirs long-dormant feelings in Ethan. Their growing love for one another, discovered by an embittered wife, presages an ending to this grim tale that is both shocking and savagely ironic.","Fiction, Classics, World Literature, American, 20th Century, Gothic, Romance, Historical","Fiction, Classics, World Literature",en,96.0,Paperback,https://images.isbndb.com/covers/2918903482361.jpg,,0.641871,False
14010,0843949651,Noble Intentions,Katie Macalister,2002,Leisure Books,"Noble Britton had suffered greatly at the hands of his first wife, and he refused to fall into the same trap again. This time he intended to marry a quiet, biddable woman who would not draw attention to herself or cause scandal. Gillian Leigh's honest manner and spontaneous laughter attracted him immediately. It mattered little that she was accident-prone; he could provide the structure necessary to guide her. But unconventional to the tips of her half-American toes--toes that one of them was constantly tripping over--his new bride turned the tables on him, wreaking havoc on his orderly life. And worse, demanding he surrender his heart.","Fiction, Romance, Historical, Regency","Fiction, Romance, Historical",en,329.0,Paperback,https://images.isbndb.com/covers/12850983482488.jpg,,0.64186704,False
10456,0060559128,"Holy Fools : A Novel (Harris, Joanne)",Joanne Harris,2004,William Morrow,"<p>With her internationally bestselling novels Chocolat, Blackberry Wine, Five Quarters of the Orange, and Coastliners, Joanne Harris has woven intoxicating spells that celebrate the sensuous while exposing the passion, secrets, and folly beneath the surface of rustic village life. In Holy Fools, her most ambitious and accomplished novel to date, she transports us back to a time of intrigue and turmoil, of deception and masquerade.</p><p>In the year 1605, a young widow, pregnant and alone, seeks sanctuary at the small Abbey of Sainte Marie-de-la-mer on the island of Noirs Moustiers off the Brittany coast. After the birth of her daughter, she takes up the veil, and a new name, Soeur Auguste. But the peace she has found in re-mote isolation is shattered five years later by the events that follow the death of her kind benefactress, the Reverend Mother.</p><p>When a new abbess -- the daughter of a corrupt noble family elevated by the murder of King Henri IV -- arrives at Sainte Marie-de-la-mer, she does not arrive alone. With her is her personal confessor and spiritual guide, Père Colombin, a man Soeur Auguste knows all too well. For the newcomer is Guy LeMerle, a charlatan and seducer now masquerading as a priest, and the one man she fears more than any other.</p><p>Soeur Auguste has a secret. Once she was l'Ailée, ""The Winged One,"" star performer of a troupe led by LeMerle, before betrayal forced her to change her identity. But now the past has found her. Before long, thanks to LeMerle, suspicion and debauchery are breeding like a plague within the convent's walls -- fueled by dark rumors of witchcraft, part of the false priest's brilliantly orchestrated scheme of revenge. To protect herself and her beloved child, l'Ailée will have to perform one last act of dazzling daring more audacious than any she has previously attempted.</p>","Fiction, Historical","Fiction, Historical",en,368.0,Hardcover,https://images.isbndb.com/covers/14881093482209.jpg,,0.6417715,False
4436,0671744623,The Heiress,Jude Deveraux,1995,Pocket,"<b>An enchanting and entertaining romance from <i>New York Times </i>bestselling author Jude Deveraux!</b><br><br>Jamie Montgomery, an impoverished Elizabethan knight, is elated when he is assigned to escort Axia, the Lancaster heiress, to the castle of her betrothed. If only she will fall in love with Jamie—as Jamie's devoted older sister predict—the family's financial woes will be solved. But Axia, who has spent her life closely guarded by her father's servants, is not the shy, cossetted flower Jamie expects. She's a hoyden, hell-bent on enjoying her precious moments of liberty before her marriage to a man chosen by her remote, eccentric father.<br> <br>After curtly informing Jamie not to bother declaring his love for her—as all poor, handsome men seem wont to do—Axia makes his life a misery, sneaking off to the marketplace, nearly breaking her neck on a runaway horse, and doing everything possible to delay the trip. Though she dare not admit it, even to herself, Axia dreads being wed to a stranger. Suddenly Jamie realizes that he savors even her most barbed words like the rarest nectar..and that he is falling desperately in love with this bold, maddening beauty. Now he must contrive a daring plan to win her freedom—and win her proud, defiant heart for his own!","Fiction, Romance, Historical","Fiction, Romance, Historical",en,384.0,Mass Market Paperback,https://images.isbndb.com/covers/4033923482427.jpg,,0.64176273,False
14588,0380795817,My Wicked Fantasy (Avon Romantic Treasure),Karen Ranney,1998,Avon,"<p><b>An Explosive Encounter</b> </p> <p>Mary Kate Bennett was married too early, widowed too young, and left to fend for herself without a penny. Her path was never meant to cross with Archer St. John's, except for a terrible carriage accident with the wickedly handsome Earl of Sanderhurst. Mary Kate awakens in a mysterious lord's bed to a life more luxurious than she could have ever imagined, facing a man she's never met before, but instinctively knows...</p><p><b>A Heart Held Hostage</b></p><p>The whispers about Archer follow him wherever he goes. Had the reclusive nobleman murdered his unhappy countess? When Mary Kate enters his life so unexpectedly, the bold earl is convinced that she has all the answers he has been searching for. So why can't he think of anything else besides her decadently red hair, her luminescent skin, and the feelings this vibrant, spirited beauty evokes within his masculine soul?</p><p><b>A Wicked Fantasy</b></p><p>Their love can be a fantasy, or it can be strong enough to entwine their destinies forever. </p>","Fiction, Romance, Historical","Fiction, Romance, Historical",en,384.0,Mass Market Paperback,https://images.isbndb.com/covers/15468023482323.jpg,,0.64161813,False
68,038572179X,Atonement : A Novel,IAN MCEWAN,2003,Anchor,"<b><b>NATIONAL BESTSELLER • A s</b>ymphonic novel of love and war, childhood and class, guilt and forgiveness that provides all the satisfaction of a brilliant narrative and the provocation we have come to expect from the acclaimed Booker Prize–winning, internationally bestselling author.<br></b><br><b><b>One of the <i>New York Times</i>’s 100 Best Books of the 21st Century • A <i>Kirkus Reviews </i>Best Fiction Book of the Century<br><br>“A beautiful and majestic fictional panorama.” —John Updike, <i>The New Yorker</i></b></b><br><br>On a hot summer day in 1935, thirteen-year-old Briony Tallis witnesses a moment’s flirtation between her older sister, Cecilia, and Robbie Turner, the son of a servant and Cecilia’s childhood friend. But Briony’s incomplete grasp of adult motives—together with her precocious literary gifts—brings about a crime that will change all their lives. <br><br>As it follows that crime’s repercussions through the chaos and carnage of World War II and into the close of the twentieth century, <i>Atonement </i>engages the reader on every conceivable level, with an ease and authority that mark it as a genuine masterpiece.","Fiction, Literary, Historical, Sagas","Fiction, Literary, Historical",en,368.0,Paperback,https://images.isbndb.com/covers/8556153482325.jpg,,0.6415906,False
2804,055321263X,The Woman in White (Classics),Wilkie Collins,1985,Bantam,"<b>Wilkie Collins’ classic tale of murder, intrigue, madness, and mistaken identity</b><br> <br><b>ONE OF <i>TIME</i>’S 100 BEST MYSTERY AND THRILLER BOOKS OF ALL TIME</b><br> <br><i>“There, in the middle of the broad, bright high-road—there, as if it had that moment sprung out of the earth or dropped from the heaven—stood thefigure of a solitary Woman, dressed from head to foot in white garments.”</i><br> <br>Generally considered the first English sensation novel, <i>The Woman in White</i>features the remarkable heroine Marian Halcombe and her sleuthing partner, drawing master Walter Hartright, pitted against the diabolical team of Count Fosco and Sir Percival Glyde. After more than a century since its publication, Wilkie Collins’s psychological thriller has never been out of print.","Fiction, Classics, Thrillers, Suspense, Psychological","Fiction, Classics, Thrillers",en,800.0,Mass Market Paperback,https://images.isbndb.com/covers/26402953482384.jpg,,0.6415213,False
4532,0140390227,"The Awakening, and Selected Stories",Kate Chopin,1998,Penguin USA (Paper),"Kate Chopin's groundbreaking depiction of a woman who dares to defy the expectations of society in the pursuit of her desire When The Awakening was first published in 1899, charges of sordidness and immorality seemed to consign it into obscurity and irreparably damage its author's reputation. But a century after her death, it is widely regarded as Kate Chopin's great achievement. Through careful, subtle changes of style, Chopin shows the transformation of Edna Pontellier, a young wife and mother, who - with tragic consequences - refuses to be caged by married and domestic life, and claims for herself moral and erotic freedom. For more than seventy years, Penguin has been the leading publisher of classic literature in the English-speaking world. With more than 1,700 titles, Penguin Classics represents a global bookshelf of the best works throughout history and across genres and disciplines. Readers trust the series to provide authoritative texts enhanced by introductions and notes by distinguished scholars and contemporary authors, as well as up-to-date translations by award-winning translators.","Fiction, Classics, Literary, Psychological, Short Stories (single author), Family Life, Marriage & Divorce, City Life, Southern, Social Science","Fiction, Classics, Literary",en,286.0,Paperback,https://images.isbndb.com/covers/26790003482237.jpg,,0.64149237,False
10324,0446530727,How To Meet Cute Boys,Deanna Kizis,2003,Warner Books,"Since Bridget Jones's Diary there hasn't been anything as original as this smart and funny debut novel about a young woman experiencing the trials and tribulations of the L.A. dating scene. Benjamina Franklin is a star journalist who chronicles her dating disasters for Filly, a women's magazine. When Benjamina meets Max, she believes she has finally met the man of her dreams. And just in time-her little sister's wedding is only a few months away. The only problem is that Max turns out to be, in a word, younger. A lot younger. Soon he begins to exhibit classic signs of Benjamina's worst nightmare: male commitment phobia. Will Max leave her to be single and broken-hearted? Or will Benjamina come to realize that her life is full without a pseudoboyfriend? Women everywhere will laugh and cry along with Benjamina as she navigates the highs and lows of the modern dating world.","Fiction, Romance, Contemporary","Fiction, Romance, Contemporary",en,251.0,Hardcover,https://images.isbndb.com/covers/26843953482346.jpg,,0.6408349,False
2356,0440225922,The Poyson Garden: An Elizabethan I Mystery (Elizabeth I Mysteries (Paperback)),Karen Harper,2000,Dell Publishing Company,"The letter came in secret, with a pearl eardrop from an aunt long thought dead, resurrecting the forbidden past. Banished by her spiteful half sister, Queen Mary, to Hatfield House in the English countryside, twenty-five-year-old Princess Elizabeth cannot refuse the summons. The Boleyns are in grave danger. And Elizabeth, daughter of Anne Boleyn, is marked for death by a master poisoner whose reign of terror may have royal sanction.<br><br>With her few loyal retainers, Elizabeth escapes to Kent. Here, in her ancestral Hever Castle, now held by the Queen's loyalists, Elizabeth seeks to unravel the plot against her. And here, in the embrace of intrigue and betrayal, the princess must find a brilliant, powerfully connected killer--before the killer finds her....","Fiction, Historical, Biographical, Sagas","Fiction, Historical, Biographical",en,320.0,Mass Market Paperback,https://images.isbndb.com/covers/19967523482344.jpg,,0.6408341,False
8758,0743456173,Just the Way You Are,Christina Dodd,2003,Pocket,"<b>In this first in a compelling and sexy trilogy from the <i>New York Times</i> bestselling author of the Fortune Hunters series, a young woman is on a desperate search for her two long-lost sisters while also finding herself mistakenly falling in love with Boston’s wealthiest bachelor.</b><br><br>When Hope Prescott’s parents disappeared, her carefree teenage life vanished forever. She and her three siblings were separated and sent to different foster homes around the country. Now, seven years later, Hope is still searching for them. To support herself, she works for an answering service, and cares for her clients as if they were family.<br> <br>When wealthy businessman Zachariah Givens hires Hope’s service, Hope initially mistakes Zack for his butler. Tired of being coddled because of his money, Zack is charmed by Hope’s candor, not to mention her sexy voice, and keeps up the charade. As their friendship turns into passion, Zack is determined to have her, even if that means the unthinkable—marriage. But when Hope discovers his deception, Zack knows he must solve the mystery that haunts Hope’s past in order to convince her that their futures lie together.","Fiction, Historical, Romance, Contemporary","Fiction, Historical, Romance",en,374.0,Mass Market Paperback,https://images.isbndb.com/covers/19004653482452.jpg,,0.6407887,False
